Symbol,Description,Price,Price - Currency,Gap % 1 day,Price Change % 1 day,Market capitalization,Market capitalization - Currency,Volume 1 day,Volume Change % 1 day,Volume Change % 1 week,Volume Change % 1 month,Average Volume 30 days,Relative Volume 1 day,Relative Volume 1 week,Relative Volume 1 month,Free float,Performance % 1 week,Performance % 1 month,Performance % 3 months,Performance % 6 months,Performance % 1 year,"Earnings per share diluted growth %, Quarterly YoY","Earnings per share diluted growth %, Annual YoY","Revenue growth %, Quarterly YoY","Revenue growth %, Annual YoY","Return on equity %, Trailing 12 months","Pretax margin %, Trailing 12 months",High 52 weeks,High 52 weeks - Currency,High All Time,High All Time - Currency,Average Daily Range %,Average True Range % (14) 1 day,Simple Moving Average (200) 1 day,Simple Moving Average (50) 1 day,Simple Moving Average (20) 1 day,Simple Moving Average (10) 1 day,Sector
A,A,175.2100,USD,-1.6147,1.4006,0.0000,USD,2194100.0000,0.0000,0.0000,0.0000,2588606.6667,0.8476,0.0000,0.0000,0.0000,4.7531,13.8911,31.9054,57.0820,43.1364,0.0000,0.0000,0.0000,0.0000,0.0000,0.0000,176.0200,USD,176.0200,USD,3.0247,0.0000,131.9542,149.6220,155.8150,163.2130,Equity
AAPL,AAPL,338.4000,USD,-0.2052,-0.7828,0.0000,USD,32820800.0000,0.0000,0.0000,0.0000,41588330.0000,0.7892,0.0000,0.0000,0.0000,-0.3974,5.8492,17.0486,37.4544,32.9563,0.0000,0.0000,0.0000,0.0000,0.0000,0.0000,345.3400,USD,345.3400,USD,2.1817,0.0000,287.6978,321.8418,330.3310,336.8020,Equity
ABBV,ABBV,266.2800,USD,-0.0038,0.7339,0.0000,USD,4421300.0000,0.0000,0.0000,0.0000,4236673.3333,1.0436,0.0000,0.0000,0.0000,0.4035,4.2273,6.5710,26.8770,24.4462,0.0000,0.0000,0.0000,0.0000,0.0000,0.0000,269.3900,USD,269.3900,USD,1.9065,0.0000,228.6386,257.2840,260.6210,264.4040,Equity
ABNB,ABNB,156.0800,USD,-0.9716,-0.8827,0.0000,USD,3917600.0000,0.0000,0.0000,0.0000,4984810.0000,0.7859,0.0000,0.0000,0.0000,-3.5412,-17.6054,9.0706,26.7912,26.1762,0.0000,0.0000,0.0000,0.0000,0.0000,0.0000,193.4530,USD,193.4530,USD,3.1012,0.0000,142.8667,168.1986,169.0012,161.1150,Equity
ABT,ABT,100.9800,USD,-0.2073,-0.3060,0.0000,USD,6802500.0000,0.0000,0.0000,0.0000,8525966.6667,0.7979,0.0000,0.0000,0.0000,-2.6136,-10.2161,12.0787,0.4498,-22.6402,0.0000,0.0000,0.0000,0.0000,0.0000,0.0000,132.3900,USD,136.7889,USD,2.2897,0.0000,103.6278,107.0118,104.4380,102.2730,Equity
ACGL,ACGL,94.9000,USD,0.2535,0.2535,0.0000,USD,3652100.0000,0.0000,0.0000,0.0000,3491876.6667,1.0459,0.0000,0.0000,0.0000,-0.0527,-3.9862,-2.2254,-0.7530,4.4234,0.0000,0.0000,0.0000,0.0000,0.0000,0.0000,107.0900,USD,110.7512,USD,1.7536,0.0000,96.3667,98.7204,96.6480,95.8070,Equity
ACN,ACN,174.4700,USD,-1.4764,-0.9312,0.0000,USD,5499800.0000,0.0000,0.0000,0.0000,4960556.6667,1.1087,0.0000,0.0000,0.0000,-5.0348,-7.9848,41.8900,-9.8632,-25.4864,0.0000,0.0000,0.0000,0.0000,0.0000,0.0000,285.2127,USD,386.4485,USD,3.2850,0.0000,194.9334,175.9472,184.6485,183.5960,Equity
ADBE,ADBE,231.0100,USD,-2.4419,-1.8941,0.0000,USD,5228700.0000,0.0000,0.0000,0.0000,5167000.0000,1.0119,0.0000,0.0000,0.0000,-3.0388,-20.7567,12.6768,-4.1969,-35.8964,0.0000,0.0000,0.0000,0.0000,0.0000,0.0000,363.7000,USD,557.9000,USD,3.2716,0.0000,262.1174,257.2932,256.6710,244.3720,Equity
ADI,ADI,395.4300,USD,0.4700,0.4649,0.0000,USD,3221300.0000,0.0000,0.0000,0.0000,3649003.3333,0.8828,0.0000,0.0000,0.0000,1.2962,9.6342,-0.1348,31.2178,61.7287,0.0000,0.0000,0.0000,0.0000,0.0000,0.0000,444.5555,USD,444.5555,USD,2.5135,0.0000,355.2915,372.8819,370.5670,379.2000,Equity
ADM,ADM,80.3800,USD,0.9615,-0.9122,0.0000,USD,2883000.0000,0.0000,0.0000,0.0000,3721893.3333,0.7746,0.0000,0.0000,0.0000,-2.3804,-1.4226,5.8772,13.4822,36.5157,0.0000,0.0000,0.0000,0.0000,0.0000,0.0000,88.7500,USD,88.7500,USD,2.9868,0.0000,73.2629,82.1937,84.3730,83.6130,Equity
ADP,ADP,261.8000,USD,-1.0506,-0.7092,0.0000,USD,1666900.0000,0.0000,0.0000,0.0000,2207373.3333,0.7552,0.0000,0.0000,0.0000,-2.9076,-8.3500,17.6492,29.2035,-7.5948,0.0000,0.0000,0.0000,0.0000,0.0000,0.0000,286.1686,USD,317.3820,USD,1.8087,0.0000,234.9367,268.9589,271.4155,268.5020,Equity
ADSK,ADSK,207.1900,USD,-1.1652,-1.0554,0.0000,USD,1695000.0000,0.0000,0.0000,0.0000,2197600.0000,0.7713,0.0000,0.0000,0.0000,-5.6598,-20.5133,6.5683,-12.0884,-35.8306,0.0000,0.0000,0.0000,0.0000,0.0000,0.0000,326.2000,USD,329.0900,USD,3.4158,0.0000,240.7537,233.4554,222.0550,216.5960,Equity
AEE,AEE,99.3900,USD,-0.1006,0.0000,0.0000,USD,2392200.0000,0.0000,0.0000,0.0000,1545390.0000,1.5480,0.0000,0.0000,0.0000,-2.2329,-5.6774,-11.4516,-8.0957,0.1137,0.0000,0.0000,0.0000,0.0000,0.0000,0.0000,117.4865,USD,117.4865,USD,1.3793,0.0000,106.4367,106.4412,103.3665,101.3400,Equity
AEP,AEP,118.2000,USD,-0.2535,-0.1267,0.0000,USD,3248200.0000,0.0000,0.0000,0.0000,3787426.6667,0.8576,0.0000,0.0000,0.0000,-1.7211,-3.3603,-12.9450,-8.5076,11.6610,0.0000,0.0000,0.0000,0.0000,0.0000,0.0000,139.5178,USD,139.5178,USD,1.4787,0.0000,125.5117,124.6018,121.6515,119.5740,Equity
AES,AES,14.8700,USD,-0.0673,0.0000,0.0000,USD,6755900.0000,0.0000,0.0000,0.0000,7766783.3333,0.8698,0.0000,0.0000,0.0000,0.3374,0.9504,2.6491,8.6583,17.9021,0.0000,0.0000,0.0000,0.0000,0.0000,0.0000,17.2284,USD,18.2565,USD,0.3008,0.0000,14.4141,14.7478,14.8130,14.8340,Equity
AFL,AFL,113.5500,USD,0.2990,-0.1495,0.0000,USD,1482900.0000,0.0000,0.0000,0.0000,2201443.3333,0.6736,0.0000,0.0000,0.0000,-0.9162,-2.5489,-2.6679,6.0487,4.0983,0.0000,0.0000,0.0000,0.0000,0.0000,0.0000,129.5675,USD,129.5675,USD,1.4615,0.0000,114.0411,119.4675,115.7460,115.3580,Equity
AIG,AIG,72.7800,USD,-0.1483,-1.8741,0.0000,USD,4074700.0000,0.0000,0.0000,0.0000,3819956.6667,1.0667,0.0000,0.0000,0.0000,-3.1923,-4.7678,-1.7012,-0.4065,-4.3693,0.0000,0.0000,0.0000,0.0000,0.0000,0.0000,85.6380,USD,85.6380,USD,1.7157,0.0000,76.3182,76.4946,75.1222,74.9630,Equity
AIZ,AIZ,263.5300,USD,-0.2264,-0.5547,0.0000,USD,345900.0000,0.0000,0.0000,0.0000,372416.6667,0.9288,0.0000,0.0000,0.0000,-2.7852,-7.4586,-1.5587,22.7391,23.9960,0.0000,0.0000,0.0000,0.0000,0.0000,0.0000,303.0037,USD,303.0037,USD,1.9576,0.0000,248.3218,280.4769,278.4920,274.1530,Equity
AJG,AJG,229.4600,USD,-0.4760,-0.7096,0.0000,USD,1553400.0000,0.0000,0.0000,0.0000,1402083.3333,1.1079,0.0000,0.0000,0.0000,-0.4296,-14.0107,0.2191,6.8946,-23.6694,0.0000,0.0000,0.0000,0.0000,0.0000,0.0000,309.9040,USD,345.7080,USD,2.4827,0.0000,232.1456,250.6984,245.2104,235.7100,Equity
AKAM,AKAM,108.9900,USD,-0.9566,-4.3444,0.0000,USD,8243100.0000,0.0000,0.0000,0.0000,4503693.3333,1.8303,0.0000,0.0000,0.0000,-7.9010,1.4143,-7.7997,-1.1160,43.3136,0.0000,0.0000,0.0000,0.0000,0.0000,0.0000,165.4500,USD,165.4500,USD,5.2483,0.0000,111.2473,113.0494,108.8375,110.9010,Equity
ALB,ALB,107.3900,USD,-2.0323,-2.1325,0.0000,USD,2661700.0000,0.0000,0.0000,0.0000,2397446.6667,1.1102,0.0000,0.0000,0.0000,-8.0565,-21.5552,-20.2016,-39.0436,23.2932,0.0000,0.0000,0.0000,0.0000,0.0000,0.0000,219.6971,USD,219.6971,USD,3.8829,0.0000,154.9971,123.4774,119.5387,111.7440,Equity
ALGN,ALGN,145.0000,USD,-1.2127,-1.2127,0.0000,USD,882800.0000,0.0000,0.0000,0.0000,894793.3333,0.9866,0.0000,0.0000,0.0000,-5.4080,-7.9832,-14.0282,-12.7872,14.9061,0.0000,0.0000,0.0000,0.0000,0.0000,0.0000,200.4400,USD,256.2200,USD,2.9881,0.0000,170.7025,162.4622,151.6935,148.0520,Equity
ALL,ALL,227.5500,USD,0.4745,-0.0220,0.0000,USD,1725200.0000,0.0000,0.0000,0.0000,1884116.6667,0.9157,0.0000,0.0000,0.0000,-0.8497,-12.3121,-3.9686,10.8220,9.0206,0.0000,0.0000,0.0000,0.0000,0.0000,0.0000,276.0710,USD,276.0710,USD,2.1757,0.0000,222.6537,255.3350,248.1575,239.4440,Equity
ALLE,ALLE,155.3800,USD,-0.9258,0.5891,0.0000,USD,1061800.0000,0.0000,0.0000,0.0000,1285280.0000,0.8261,0.0000,0.0000,0.0000,0.9289,-0.9830,10.9915,9.5771,-10.1952,0.0000,0.0000,0.0000,0.0000,0.0000,0.0000,181.0276,USD,181.0276,USD,2.0465,0.0000,149.3492,156.8844,153.6100,153.5050,Equity
AMAT,AMAT,486.7600,USD,-0.5773,0.3629,0.0000,USD,6092100.0000,0.0000,0.0000,0.0000,6546513.3333,0.9306,0.0000,0.0000,0.0000,3.0267,5.4346,-32.6030,50.9923,140.0217,0.0000,0.0000,0.0000,0.0000,0.0000,0.0000,738.8799,USD,738.8799,USD,3.2323,0.0000,421.8040,489.1308,453.0640,455.5610,Equity
AMCR,AMCR,42.7900,USD,-0.6116,0.6587,0.0000,USD,2669600.0000,0.0000,0.0000,0.0000,3441750.0000,0.7757,0.0000,0.0000,0.0000,-1.0407,-6.9964,0.1264,15.7907,12.7739,0.0000,0.0000,0.0000,0.0000,0.0000,0.0000,48.7558,USD,51.1547,USD,1.9798,0.0000,41.7002,44.6293,43.3080,42.4300,Equity
AMD,AMD,607.8700,USD,-0.9086,-3.6091,0.0000,USD,22124100.0000,0.0000,0.0000,0.0000,20452463.3333,1.0817,0.0000,0.0000,0.0000,-2.5490,30.5619,4.6410,210.0745,281.2053,0.0000,0.0000,0.0000,0.0000,0.0000,0.0000,639.0000,USD,639.0000,USD,3.7765,0.0000,366.6848,506.9552,535.2185,584.3270,Equity
AME,AME,251.6700,USD,-0.6900,0.3709,0.0000,USD,1408400.0000,0.0000,0.0000,0.0000,1453153.3333,0.9692,0.0000,0.0000,0.0000,2.5508,6.6822,4.1732,21.1377,35.8565,0.0000,0.0000,0.0000,0.0000,0.0000,0.0000,260.7800,USD,260.7800,USD,1.8999,0.0000,228.6765,242.5867,238.6901,242.1840,Equity
AMGN,AMGN,418.1300,USD,-0.7453,0.8490,0.0000,USD,2917900.0000,0.0000,0.0000,0.0000,2863133.3333,1.0191,0.0000,0.0000,0.0000,1.9233,-3.3047,16.1420,21.4182,57.4214,0.0000,0.0000,0.0000,0.0000,0.0000,0.0000,447.0300,USD,447.0300,USD,2.2635,0.0000,358.9562,404.6204,404.1825,396.5700,Equity
AMP,AMP,496.1600,USD,-0.2860,0.6410,0.0000,USD,724900.0000,0.0000,0.0000,0.0000,559133.3333,1.2965,0.0000,0.0000,0.0000,-3.1637,-11.2923,8.4903,13.9356,0.6925,0.0000,0.0000,0.0000,0.0000,0.0000,0.0000,572.5600,USD,572.5600,USD,2.7857,0.0000,490.8088,545.6626,538.3445,521.5420,Equity
AMT,AMT,168.0000,USD,-0.0769,-0.6094,0.0000,USD,3251700.0000,0.0000,0.0000,0.0000,2361246.6667,1.3771,0.0000,0.0000,0.0000,-4.1369,-4.6700,2.7083,0.5508,-10.1818,0.0000,0.0000,0.0000,0.0000,0.0000,0.0000,194.2260,USD,225.6146,USD,2.1976,0.0000,175.3189,173.0294,174.2875,172.8580,Equity
AMZN,AMZN,246.1500,USD,-1.2176,-1.4099,0.0000,USD,32596700.0000,0.0000,0.0000,0.0000,34252010.0000,0.9517,0.0000,0.0000,0.0000,-3.4630,-7.6118,3.2768,22.4932,11.9984,0.0000,0.0000,0.0000,0.0000,0.0000,0.0000,287.2000,USD,287.2000,USD,1.8084,0.0000,240.9390,256.1534,253.2920,250.7180,Equity
ANET,ANET,204.9200,USD,-0.4648,-0.7892,0.0000,USD,3480800.0000,0.0000,0.0000,0.0000,5119160.0000,0.6800,0.0000,0.0000,0.0000,-0.1316,4.8828,20.6263,76.4574,43.8035,0.0000,0.0000,0.0000,0.0000,0.0000,0.0000,214.8900,USD,214.8900,USD,3.2588,0.0000,157.4135,190.9592,197.0550,202.0550,Equity
AON,AON,272.1000,USD,-0.1763,-2.1188,0.0000,USD,1852200.0000,0.0000,0.0000,0.0000,1752836.6667,1.0567,0.0000,0.0000,0.0000,-4.8934,-23.4384,-17.7786,-15.6207,-23.2084,0.0000,0.0000,0.0000,0.0000,0.0000,0.0000,381.4704,USD,409.2249,USD,2.8486,0.0000,332.2646,335.6014,302.6450,288.1630,Equity
AOS,AOS,58.3800,USD,-0.8184,-0.4604,0.0000,USD,1138800.0000,0.0000,0.0000,0.0000,1373833.3333,0.8289,0.0000,0.0000,0.0000,0.3783,-3.3124,-6.3560,-7.2433,-17.6237,0.0000,0.0000,0.0000,0.0000,0.0000,0.0000,80.9172,USD,87.1472,USD,1.9436,0.0000,64.0307,60.2569,58.0800,57.5580,Equity
APA,APA,42.3300,USD,0.9593,-0.9593,0.0000,USD,8029300.0000,0.0000,0.0000,0.0000,5799460.0000,1.3845,0.0000,0.0000,0.0000,0.0709,-0.4937,30.8810,-1.8901,77.4255,0.0000,0.0000,0.0000,0.0000,0.0000,0.0000,47.4400,USD,47.4400,USD,3.0886,0.0000,34.7021,41.0185,44.1435,44.1090,Equity
APD,APD,278.7500,USD,-0.3372,-1.0683,0.0000,USD,1159200.0000,0.0000,0.0000,0.0000,1129800.0000,1.0260,0.0000,0.0000,0.0000,-3.1647,-9.5232,-4.3313,-3.1965,7.2714,0.0000,0.0000,0.0000,0.0000,0.0000,0.0000,314.8700,USD,328.1719,USD,1.9035,0.0000,283.0320,297.2856,292.1055,284.7230,Equity
APH,APH,84.6200,USD,0.0833,0.6303,0.0000,USD,13939500.0000,0.0000,0.0000,0.0000,12060623.3333,1.1558,0.0000,0.0000,0.0000,2.1487,7.4569,-3.8666,42.4744,39.0063,0.0000,0.0000,0.0000,0.0000,0.0000,0.0000,89.1218,USD,89.1218,USD,3.0906,0.0000,73.5462,80.4444,80.9041,80.7764,Equity
APO,APO,119.0000,USD,-0.6985,-2.2105,0.0000,USD,3092600.0000,0.0000,0.0000,0.0000,2737353.3333,1.1298,0.0000,0.0000,0.0000,-4.1482,-11.8780,1.0081,9.1465,-12.1055,0.0000,0.0000,0.0000,0.0000,0.0000,0.0000,151.3858,USD,184.5393,USD,2.8942,0.0000,126.4061,128.6751,127.8975,124.1240,Equity
APP,APP,308.2400,USD,3.6348,-0.8077,0.0000,USD,4171800.0000,0.0000,0.0000,0.0000,4794383.3333,0.8701,0.0000,0.0000,0.0000,-6.2331,-2.9960,-40.1743,-17.1576,-53.9844,0.0000,0.0000,0.0000,0.0000,0.0000,0.0000,745.6100,USD,745.6100,USD,4.8077,0.0000,464.3185,341.0942,318.0020,319.3290,Equity
APTV,APTV,43.6400,USD,-0.6475,-2.5675,0.0000,USD,2771200.0000,0.0000,0.0000,0.0000,4628446.6667,0.5987,0.0000,0.0000,0.0000,-2.1744,-4.6120,-28.9019,-34.5138,-49.3853,0.0000,0.0000,0.0000,0.0000,0.0000,0.0000,88.9300,USD,88.9300,USD,3.1565,0.0000,64.0203,48.7852,44.7520,43.9660,Equity
ARE,ARE,48.6600,USD,-0.0601,-2.5436,0.0000,USD,1869600.0000,0.0000,0.0000,0.0000,2020243.3333,0.9254,0.0000,0.0000,0.0000,-9.6379,-5.6428,-7.9281,8.1819,-38.4326,0.0000,0.0000,0.0000,0.0000,0.0000,0.0000,81.7463,USD,110.8542,USD,3.6000,0.0000,49.4872,51.1650,51.9480,52.4210,Equity
ARES,ARES,118.3400,USD,-1.0819,-3.0080,0.0000,USD,2455400.0000,0.0000,0.0000,0.0000,2090346.6667,1.1746,0.0000,0.0000,0.0000,-5.1155,-16.0945,7.4392,12.2007,-24.4190,0.0000,0.0000,0.0000,0.0000,0.0000,0.0000,173.9931,USD,188.5624,USD,3.3198,0.0000,128.2279,132.3392,129.4433,123.4410,Equity
ATO,ATO,157.0500,USD,0.2163,-0.1018,0.0000,USD,1039100.0000,0.0000,0.0000,0.0000,1001313.3333,1.0377,0.0000,0.0000,0.0000,-0.1843,-5.7606,-8.2853,-14.1225,-4.6062,0.0000,0.0000,0.0000,0.0000,0.0000,0.0000,190.2800,USD,190.2800,USD,1.2862,0.0000,172.9960,167.8470,162.6775,158.8860,Equity
AVGO,AVGO,349.5700,USD,0.0170,-0.9183,0.0000,USD,21527900.0000,0.0000,0.0000,0.0000,25452926.6667,0.8458,0.0000,0.0000,0.0000,-4.1065,-5.0390,-7.2914,19.5463,5.2728,0.0000,0.0000,0.0000,0.0000,0.0000,0.0000,493.3195,USD,493.3195,USD,2.3234,0.0000,366.7733,375.5938,356.6160,351.6105,Equity
AVY,AVY,171.8900,USD,-0.8219,0.9099,0.0000,USD,642700.0000,0.0000,0.0000,0.0000,1016940.0000,0.6320,0.0000,0.0000,0.0000,-0.1162,-2.7348,6.4915,3.4772,9.3740,0.0000,0.0000,0.0000,0.0000,0.0000,0.0000,196.1518,USD,213.5038,USD,2.2788,0.0000,171.1487,172.0624,171.2582,170.7920,Equity
AWK,AWK,128.9300,USD,-0.3590,-1.5125,0.0000,USD,1744500.0000,0.0000,0.0000,0.0000,1955393.3333,0.8921,0.0000,0.0000,0.0000,-3.6542,-6.7751,-1.3622,-5.8378,-2.8694,0.0000,0.0000,0.0000,0.0000,0.0000,0.0000,142.3700,USD,149.6104,USD,1.7944,0.0000,130.6107,135.8426,136.8005,134.2140,Equity
AXON,AXON,424.7500,USD,-1.4554,-1.2462,0.0000,USD,935300.0000,0.0000,0.0000,0.0000,937340.0000,0.9978,0.0000,0.0000,0.0000,-7.5263,-29.2944,-24.2343,2.3321,-40.0782,0.0000,0.0000,0.0000,0.0000,0.0000,0.0000,764.0200,USD,885.9200,USD,4.6944,0.0000,499.9010,536.6776,478.1535,447.3610,Equity
AXP,AXP,306.3300,USD,-0.3853,-0.8288,0.0000,USD,3547100.0000,0.0000,0.0000,0.0000,2896890.0000,1.2245,0.0000,0.0000,0.0000,0.4130,-8.0642,-9.1889,3.5798,-9.3870,0.0000,0.0000,0.0000,0.0000,0.0000,0.0000,384.3605,USD,384.3605,USD,1.7927,0.0000,332.6799,331.0126,318.1245,310.1090,Equity
AZO,AZO,2913.2800,USD,0.2211,1.4317,0.0000,USD,432900.0000,0.0000,0.0000,0.0000,359783.3333,1.2032,0.0000,0.0000,0.0000,0.6408,-1.6435,-8.8443,-12.8415,-30.6036,0.0000,0.0000,0.0000,0.0000,0.0000,0.0000,4332.6802,USD,4388.1099,USD,2.5444,0.0000,3309.2207,2975.3756,2901.3330,2859.7420,Equity
BA,BA,184.3900,USD,-2.7516,-6.9067,0.0000,USD,18053700.0000,0.0000,0.0000,0.0000,6626933.3333,2.7243,0.0000,0.0000,0.0000,-6.7419,-12.1199,-14.8196,-2.5474,-16.6637,0.0000,0.0000,0.0000,0.0000,0.0000,0.0000,254.3500,USD,254.3500,USD,2.6405,0.0000,221.0012,213.7794,203.6325,198.4910,Equity
BAC,BAC,55.4700,USD,-0.4938,-2.1693,0.0000,USD,29170500.0000,0.0000,0.0000,0.0000,34992013.3333,0.8336,0.0000,0.0000,0.0000,-1.2989,-10.5375,-2.1534,18.6591,8.5087,0.0000,0.0000,0.0000,0.0000,0.0000,0.0000,64.8989,USD,64.8989,USD,2.1245,0.0000,54.8077,61.2077,59.6227,57.1690,Equity
BALL,BALL,57.1300,USD,-0.6687,0.5279,0.0000,USD,2014300.0000,0.0000,0.0000,0.0000,1859763.3333,1.0831,0.0000,0.0000,0.0000,-4.7357,-10.1270,-8.1538,-0.8746,17.0741,0.0000,0.0000,0.0000,0.0000,0.0000,0.0000,67.6220,USD,67.6220,USD,1.9284,0.0000,59.5791,62.0975,60.4195,59.2290,Equity
BAX,BAX,23.4900,USD,-0.6846,0.5135,0.0000,USD,6171500.0000,0.0000,0.0000,0.0000,5928953.3333,1.0409,0.0000,0.0000,0.0000,-0.8024,-10.1033,10.2207,48.8055,7.0759,0.0000,0.0000,0.0000,0.0000,0.0000,0.0000,29.9884,USD,37.3557,USD,3.0871,0.0000,20.7216,25.1080,24.1585,23.3500,Equity
BBY,BBY,89.9100,USD,-1.6020,-0.6629,0.0000,USD,2687300.0000,0.0000,0.0000,0.0000,4017013.3333,0.6690,0.0000,0.0000,0.0000,-5.1782,10.2055,19.7330,44.0501,24.3578,0.0000,0.0000,0.0000,0.0000,0.0000,0.0000,96.5300,USD,96.5300,USD,3.4294,0.0000,71.0298,86.6421,89.5464,92.1432,Equity
BDX,BDX,183.8300,USD,-0.4080,0.0054,0.0000,USD,1878500.0000,0.0000,0.0000,0.0000,1787353.3333,1.0510,0.0000,0.0000,0.0000,0.4536,-2.4303,22.1926,20.3812,29.8370,0.0000,0.0000,0.0000,0.0000,0.0000,0.0000,191.9381,USD,191.9381,USD,2.1141,0.0000,160.2065,177.3197,182.3924,182.3190,Equity
BE,BE,262.8700,USD,-2.1441,-8.9470,0.0000,USD,15575100.0000,0.0000,0.0000,0.0000,15284813.3333,1.0190,0.0000,0.0000,0.0000,-4.9398,24.7189,-13.1582,119.9565,273.8197,0.0000,0.0000,0.0000,0.0000,0.0000,0.0000,351.2800,USD,351.2800,USD,6.6685,0.0000,203.7233,230.6334,259.1005,271.8590,Equity
BEN,BEN,32.6800,USD,-0.4846,-1.0297,0.0000,USD,3694400.0000,0.0000,0.0000,0.0000,3524553.3333,1.0482,0.0000,0.0000,0.0000,-1.3583,-5.6854,-1.7734,46.1824,47.9212,0.0000,0.0000,0.0000,0.0000,0.0000,0.0000,36.2800,USD,36.2800,USD,2.4141,0.0000,29.0079,33.6472,33.3955,32.9820,Equity
BF-B,BF-B,26.0300,USD,-0.2294,-0.4969,0.0000,USD,2041900.0000,0.0000,0.0000,0.0000,2445780.0000,0.8349,0.0000,0.0000,0.0000,-1.9955,-3.5581,-1.4954,-0.8599,-0.6118,0.0000,0.0000,0.0000,0.0000,0.0000,0.0000,30.8484,USD,46.9163,USD,2.7427,0.0000,26.6043,27.1156,26.3506,26.1550,Equity
BG,BG,109.0600,USD,0.4495,0.0550,0.0000,USD,1835100.0000,0.0000,0.0000,0.0000,1836976.6667,0.9990,0.0000,0.0000,0.0000,-0.8545,-5.5594,2.8274,-12.5692,36.4615,0.0000,0.0000,0.0000,0.0000,0.0000,0.0000,134.0249,USD,134.0249,USD,3.7083,0.0000,114.7242,114.6635,117.5350,113.6140,Equity
BIIB,BIIB,228.6900,USD,-0.7601,0.4789,0.0000,USD,1332300.0000,0.0000,0.0000,0.0000,869466.6667,1.5323,0.0000,0.0000,0.0000,1.4776,4.6636,5.8456,21.9225,66.4774,0.0000,0.0000,0.0000,0.0000,0.0000,0.0000,230.4900,USD,230.4900,USD,2.5587,0.0000,194.2126,213.4114,219.7605,222.1340,Equity
BKNG,BKNG,163.8700,USD,-0.8051,-0.0488,0.0000,USD,8637900.0000,0.0000,0.0000,0.0000,7435250.0000,1.1617,0.0000,0.0000,0.0000,-0.2131,-20.1159,-7.8401,-0.0132,-25.4821,0.0000,0.0000,0.0000,0.0000,0.0000,0.0000,222.9545,USD,231.0597,USD,3.5770,0.0000,182.8555,190.5291,175.5750,165.5010,Equity
BKR,BKR,57.1200,USD,0.3977,-1.2277,0.0000,USD,7170100.0000,0.0000,0.0000,0.0000,7678833.3333,0.9337,0.0000,0.0000,0.0000,-0.2445,-8.4762,3.2975,-5.2046,14.8321,0.0000,0.0000,0.0000,0.0000,0.0000,0.0000,69.9181,USD,69.9181,USD,2.9627,0.0000,58.8743,60.5960,59.7000,57.2220,Equity
BLK,BLK,1071.2500,USD,-0.8580,-1.3863,0.0000,USD,517800.0000,0.0000,0.0000,0.0000,561163.3333,0.9227,0.0000,0.0000,0.0000,0.4303,-8.0061,11.4075,14.6875,-7.3674,0.0000,0.0000,0.0000,0.0000,0.0000,0.0000,1219.9399,USD,1219.9399,USD,2.0826,0.0000,1061.3943,1108.3642,1084.1375,1066.8470,Equity
BMY,BMY,63.8800,USD,-0.1432,1.6227,0.0000,USD,14018700.0000,0.0000,0.0000,0.0000,10013963.3333,1.3999,0.0000,0.0000,0.0000,2.6185,-4.0553,12.1158,9.2704,51.7365,0.0000,0.0000,0.0000,0.0000,0.0000,0.0000,68.6400,USD,68.6400,USD,1.9328,0.0000,58.4880,64.4164,64.2190,62.7490,Equity
BNY,BNY,148.4400,USD,-0.3863,-1.1389,0.0000,USD,2990200.0000,0.0000,0.0000,0.0000,3314116.6667,0.9023,0.0000,0.0000,0.0000,-1.1520,-8.6523,3.0571,29.9031,38.0022,0.0000,0.0000,0.0000,0.0000,0.0000,0.0000,165.8400,USD,165.8400,USD,1.9052,0.0000,135.5070,158.4695,156.9285,151.7300,Equity
BR,BR,162.9200,USD,-1.0747,-0.5190,0.0000,USD,864300.0000,0.0000,0.0000,0.0000,1132163.3333,0.7634,0.0000,0.0000,0.0000,-0.0613,-10.7365,19.6959,0.9754,-29.3884,0.0000,0.0000,0.0000,0.0000,0.0000,0.0000,233.3959,USD,264.7983,USD,2.4161,0.0000,170.4142,166.6507,169.0810,164.5220,Equity
BRK-B,BRK-B,503.0900,USD,-0.0950,-0.4728,0.0000,USD,3867200.0000,0.0000,0.0000,0.0000,4384460.0000,0.8820,0.0000,0.0000,0.0000,-0.0794,-0.3782,0.5396,5.9895,0.6120,0.0000,0.0000,0.0000,0.0000,0.0000,0.0000,537.7400,USD,542.0700,USD,1.1652,0.0000,492.7098,506.5340,507.6290,508.1950,Equity
BRO,BRO,60.2400,USD,-0.0658,-0.9536,0.0000,USD,1811200.0000,0.0000,0.0000,0.0000,1976193.3333,0.9165,0.0000,0.0000,0.0000,-3.5234,-17.8284,-5.8777,-7.2074,-35.1432,0.0000,0.0000,0.0000,0.0000,0.0000,0.0000,95.6251,USD,124.1115,USD,2.4835,0.0000,68.0462,69.0581,66.4440,63.3080,Equity
BSX,BSX,44.1100,USD,-0.0228,0.4326,0.0000,USD,21779600.0000,0.0000,0.0000,0.0000,21269090.0000,1.0240,0.0000,0.0000,0.0000,-1.8032,-5.8284,3.3505,-29.9062,-55.0723,0.0000,0.0000,0.0000,0.0000,0.0000,0.0000,105.6500,USD,109.5000,USD,3.2163,0.0000,62.7115,46.8794,45.0605,44.0640,Equity
BX,BX,114.5600,USD,-1.1991,-3.2596,0.0000,USD,8078400.0000,0.0000,0.0000,0.0000,3669600.0000,2.2014,0.0000,0.0000,0.0000,-7.6204,-19.5449,-1.6499,4.6603,-32.0060,0.0000,0.0000,0.0000,0.0000,0.0000,0.0000,171.3396,USD,189.0028,USD,2.8954,0.0000,127.2487,133.0869,127.8100,122.0400,Equity
BXP,BXP,62.4300,USD,-0.2366,-1.5300,0.0000,USD,1345100.0000,0.0000,0.0000,0.0000,1345090.0000,1.0000,0.0000,0.0000,0.0000,-2.9233,-9.9394,-5.8513,23.4125,-12.8430,0.0000,0.0000,0.0000,0.0000,0.0000,0.0000,74.9400,USD,82.6964,USD,2.1782,0.0000,62.2735,67.3448,64.7450,63.3880,Equity
C,C,131.3100,USD,-0.4468,-2.2118,0.0000,USD,8846300.0000,0.0000,0.0000,0.0000,9383803.3333,0.9427,0.0000,0.0000,0.0000,-0.8757,-1.1964,-5.7033,23.6151,29.6537,0.0000,0.0000,0.0000,0.0000,0.0000,0.0000,147.2115,USD,147.2115,USD,2.6274,0.0000,124.6575,133.9967,134.6565,133.0730,Equity
CAH,CAH,220.2900,USD,-0.3860,0.0318,0.0000,USD,2392900.0000,0.0000,0.0000,0.0000,1731890.0000,1.3817,0.0000,0.0000,0.0000,-0.7881,-6.0797,-7.0679,7.2680,44.8058,0.0000,0.0000,0.0000,0.0000,0.0000,0.0000,258.3000,USD,258.3000,USD,2.0386,0.0000,216.9343,232.5614,232.5160,224.9100,Equity
CARR,CARR,55.8700,USD,-0.5854,-0.8870,0.0000,USD,5603300.0000,0.0000,0.0000,0.0000,6498670.0000,0.8622,0.0000,0.0000,0.0000,1.1039,-4.9668,-23.5570,3.5148,-3.5872,0.0000,0.0000,0.0000,0.0000,0.0000,0.0000,76.4850,USD,81.0663,USD,2.8304,0.0000,61.2882,60.4936,56.5210,55.0160,Equity
CASY,CASY,606.2400,USD,0.4628,1.3000,0.0000,USD,875600.0000,0.0000,0.0000,0.0000,623116.6667,1.4052,0.0000,0.0000,0.0000,3.6609,-19.7533,-23.6661,-13.8599,11.1062,0.0000,0.0000,0.0000,0.0000,0.0000,0.0000,927.1547,USD,927.1547,USD,3.4288,0.0000,730.1822,765.5851,648.3280,595.2100,Equity
CAT,CAT,819.9500,USD,-0.0645,-0.1984,0.0000,USD,2174700.0000,0.0000,0.0000,0.0000,2422076.6667,0.8979,0.0000,0.0000,0.0000,1.4777,2.4617,-22.8593,23.3141,77.6303,0.0000,0.0000,0.0000,0.0000,0.0000,0.0000,1071.4723,USD,1071.4723,USD,2.1281,0.0000,788.8586,828.0268,804.2865,805.7130,Equity
CB,CB,331.3700,USD,0.1410,-0.5999,0.0000,USD,2692600.0000,0.0000,0.0000,0.0000,1673923.3333,1.6086,0.0000,0.0000,0.0000,-1.3104,-2.2208,-2.4561,2.4767,19.1322,0.0000,0.0000,0.0000,0.0000,0.0000,0.0000,364.8080,USD,364.8080,USD,1.3935,0.0000,327.6091,343.6907,338.2595,337.3750,Equity
CBOE,CBOE,253.2600,USD,-0.1085,-1.8486,0.0000,USD,818900.0000,0.0000,0.0000,0.0000,1035053.3333,0.7912,0.0000,0.0000,0.0000,-5.0856,-18.1950,4.6539,-9.8492,4.7652,0.0000,0.0000,0.0000,0.0000,0.0000,0.0000,369.3776,USD,369.3776,USD,3.3855,0.0000,285.4278,287.8796,280.1720,266.6390,Equity
CBRE,CBRE,130.3500,USD,-0.9067,-3.1215,0.0000,USD,2640100.0000,0.0000,0.0000,0.0000,1755010.0000,1.5043,0.0000,0.0000,0.0000,-7.5860,-13.5725,-3.2222,-2.0955,-17.5000,0.0000,0.0000,0.0000,0.0000,0.0000,0.0000,174.2700,USD,174.2700,USD,2.8796,0.0000,145.7332,144.5986,140.4925,137.9590,Equity
CCI,CCI,67.1000,USD,-0.2358,-1.0908,0.0000,USD,3164200.0000,0.0000,0.0000,0.0000,3069766.6667,1.0308,0.0000,0.0000,0.0000,-7.2820,-10.5915,-10.1074,-13.5667,-25.9728,0.0000,0.0000,0.0000,0.0000,0.0000,0.0000,95.5781,USD,108.8640,USD,2.6159,0.0000,81.3510,73.8364,72.8048,71.1660,Equity
CCL,CCL,22.1400,USD,-1.7978,-0.4944,0.0000,USD,31394700.0000,0.0000,0.0000,0.0000,21455953.3333,1.4632,0.0000,0.0000,0.0000,-0.6284,-10.5816,-22.1003,-6.5431,-26.5324,0.0000,0.0000,0.0000,0.0000,0.0000,0.0000,33.4918,USD,33.4918,USD,2.9638,0.0000,27.2845,25.2922,22.6285,22.1040,Equity
CDNS,CDNS,326.7000,USD,-2.1862,0.1748,0.0000,USD,1996000.0000,0.0000,0.0000,0.0000,2501060.0000,0.7981,0.0000,0.0000,0.0000,7.8396,-4.0219,-12.9543,20.6069,-6.6865,0.0000,0.0000,0.0000,0.0000,0.0000,0.0000,416.6900,USD,416.6900,USD,3.4856,0.0000,325.4874,318.3068,298.8725,299.9290,Equity
CDW,CDW,130.3300,USD,-1.0559,-3.7658,0.0000,USD,1610400.0000,0.0000,0.0000,0.0000,1655140.0000,0.9730,0.0000,0.0000,0.0000,-11.5987,-11.7544,-6.8881,11.1544,-19.0948,0.0000,0.0000,0.0000,0.0000,0.0000,0.0000,163.6673,USD,219.5186,USD,3.9242,0.0000,130.8075,141.9283,146.8050,144.4310,Equity
CEG,CEG,260.4300,USD,-0.5773,-1.0787,0.0000,USD,2124900.0000,0.0000,0.0000,0.0000,2709190.0000,0.7843,0.0000,0.0000,0.0000,-1.1501,-5.8970,5.0168,-12.5161,-20.9425,0.0000,0.0000,0.0000,0.0000,0.0000,0.0000,410.4058,USD,410.4058,USD,3.4547,0.0000,289.1002,271.9250,273.4537,261.1700,Equity
CF,CF,115.5100,USD,2.2935,0.7325,0.0000,USD,2875900.0000,0.0000,0.0000,0.0000,2679956.6667,1.0731,0.0000,0.0000,0.0000,-4.2126,-8.1723,7.2466,-15.2768,27.9720,0.0000,0.0000,0.0000,0.0000,0.0000,0.0000,141.6600,USD,141.6600,USD,3.8762,0.0000,110.9559,124.9859,129.5045,124.2170,Equity
CFG,CFG,64.8000,USD,-0.2289,-1.1140,0.0000,USD,3577600.0000,0.0000,0.0000,0.0000,3478100.0000,1.0286,0.0000,0.0000,0.0000,-1.0536,-7.0435,-6.9206,14.3428,25.0457,0.0000,0.0000,0.0000,0.0000,0.0000,0.0000,75.3300,USD,75.3300,USD,2.2724,0.0000,64.4250,70.3826,68.1230,66.4030,Equity
CHD,CHD,95.6200,USD,-0.6018,-0.7885,0.0000,USD,1534000.0000,0.0000,0.0000,0.0000,1758953.3333,0.8721,0.0000,0.0000,0.0000,-0.5202,-5.5698,-0.9996,2.4648,11.7167,0.0000,0.0000,0.0000,0.0000,0.0000,0.0000,105.3736,USD,114.2418,USD,1.5907,0.0000,95.3257,98.5130,96.2425,95.4780,Equity
CHRW,CHRW,148.2400,USD,-0.5914,0.7750,0.0000,USD,987100.0000,0.0000,0.0000,0.0000,1368096.6667,0.7215,0.0000,0.0000,0.0000,-0.8826,-1.0044,-20.9518,-7.7388,14.1796,0.0000,0.0000,0.0000,0.0000,0.0000,0.0000,209.4267,USD,209.4267,USD,2.5308,0.0000,171.2035,155.2796,150.4559,151.1520,Equity
CHTR,CHTR,111.4000,USD,-0.1417,-1.3374,0.0000,USD,2914200.0000,0.0000,0.0000,0.0000,3144150.0000,0.9269,0.0000,0.0000,0.0000,-4.9974,-27.4834,-21.6651,-49.5791,-59.2538,0.0000,0.0000,0.0000,0.0000,0.0000,0.0000,285.8200,USD,437.0600,USD,4.9582,0.0000,176.8876,141.6662,135.3550,123.6820,Equity
CI,CI,271.8300,USD,0.1728,-0.0662,0.0000,USD,1752800.0000,0.0000,0.0000,0.0000,1466530.0000,1.1952,0.0000,0.0000,0.0000,-0.6977,-1.9868,-0.8491,6.5265,-2.8582,0.0000,0.0000,0.0000,0.0000,0.0000,0.0000,308.4785,USD,344.3448,USD,2.0856,0.0000,277.1408,279.0775,277.7570,274.6450,Equity
CIEN,CIEN,344.1900,USD,-1.2580,-3.5639,0.0000,USD,1830200.0000,0.0000,0.0000,0.0000,2455913.3333,0.7452,0.0000,0.0000,0.0000,-6.6122,-9.0503,-29.8373,-5.7014,142.5069,0.0000,0.0000,0.0000,0.0000,0.0000,0.0000,637.5100,USD,637.5100,USD,5.9811,0.0000,388.4319,376.2628,346.8310,351.7840,Equity
CINF,CINF,161.9200,USD,-0.0615,-0.3814,0.0000,USD,395800.0000,0.0000,0.0000,0.0000,562583.3333,0.7035,0.0000,0.0000,0.0000,-1.8012,-5.3073,-12.0433,4.6768,5.5214,0.0000,0.0000,0.0000,0.0000,0.0000,0.0000,193.7057,USD,193.7057,USD,1.5178,0.0000,165.6572,171.8390,167.7756,165.7632,Equity
CL,CL,86.5200,USD,-0.4764,0.5345,0.0000,USD,4485600.0000,0.0000,0.0000,0.0000,4938886.6667,0.9082,0.0000,0.0000,0.0000,-0.6089,-4.6612,-5.0873,2.1309,11.4255,0.0000,0.0000,0.0000,0.0000,0.0000,0.0000,98.1538,USD,99.3882,USD,1.6250,0.0000,87.6594,90.1076,87.6900,86.6360,Equity
CLX,CLX,81.4200,USD,-1.1933,-2.8401,0.0000,USD,3204400.0000,0.0000,0.0000,0.0000,3134310.0000,1.0224,0.0000,0.0000,0.0000,-6.5749,-20.5891,-13.6933,-18.5613,-31.4939,0.0000,0.0000,0.0000,0.0000,0.0000,0.0000,125.8255,USD,159.4641,USD,2.8800,0.0000,100.0369,96.3915,88.2220,84.3110,Equity
CMCSA,CMCSA,21.7900,USD,0.0456,-0.5477,0.0000,USD,32508300.0000,0.0000,0.0000,0.0000,27792083.3333,1.1697,0.0000,0.0000,0.0000,-2.8100,-19.4752,-10.0330,-22.6861,-23.1518,0.0000,0.0000,0.0000,0.0000,0.0000,0.0000,32.0457,USD,39.4425,USD,2.9252,0.0000,26.3716,24.8200,24.3285,22.7530,Equity
CME,CME,263.2400,USD,0.6087,-0.4689,0.0000,USD,1335700.0000,0.0000,0.0000,0.0000,1868216.6667,0.7150,0.0000,0.0000,0.0000,-1.4857,-7.4612,19.7644,-10.6637,1.1755,0.0000,0.0000,0.0000,0.0000,0.0000,0.0000,318.3224,USD,318.3224,USD,2.0391,0.0000,274.4309,268.2632,274.6519,270.4880,Equity
CMG,CMG,31.8500,USD,-0.4149,1.6598,0.0000,USD,31440100.0000,0.0000,0.0000,0.0000,14152923.3333,2.2215,0.0000,0.0000,0.0000,-2.3904,-16.2503,-6.3235,2.2144,-20.5339,0.0000,0.0000,0.0000,0.0000,0.0000,0.0000,42.8200,USD,66.7400,USD,3.3464,0.0000,34.9348,34.7276,35.0030,32.9120,Equity
CMI,CMI,517.8400,USD,-0.4419,-1.3751,0.0000,USD,950200.0000,0.0000,0.0000,0.0000,1072763.3333,0.8857,0.0000,0.0000,0.0000,-1.5757,-8.3226,-27.1228,1.8957,25.6846,0.0000,0.0000,0.0000,0.0000,0.0000,0.0000,735.0241,USD,735.0241,USD,2.3592,0.0000,599.8648,590.4472,540.4025,527.1160,Equity
CMS,CMS,62.6000,USD,0.0794,-0.5560,0.0000,USD,4291200.0000,0.0000,0.0000,0.0000,3364630.0000,1.2754,0.0000,0.0000,0.0000,-2.5984,-8.2246,-17.5096,-17.6333,-10.1396,0.0000,0.0000,0.0000,0.0000,0.0000,0.0000,79.1023,USD,79.1023,USD,1.4583,0.0000,72.0689,69.0528,66.1815,64.3890,Equity
CNC,CNC,62.5300,USD,1.0838,1.1485,0.0000,USD,5165100.0000,0.0000,0.0000,0.0000,4449866.6667,1.1607,0.0000,0.0000,0.0000,-1.2164,-3.4286,-2.5861,96.6352,79.3746,0.0000,0.0000,0.0000,0.0000,0.0000,0.0000,69.6300,USD,75.3500,USD,3.3410,0.0000,52.3500,65.0042,65.2180,64.2520,Equity
CNP,CNP,36.6200,USD,0.1629,-0.5972,0.0000,USD,6036400.0000,0.0000,0.0000,0.0000,6233756.6667,0.9683,0.0000,0.0000,0.0000,-3.2497,-6.6769,-16.3514,-13.8392,-3.4969,0.0000,0.0000,0.0000,0.0000,0.0000,0.0000,44.9911,USD,44.9911,USD,1.5945,0.0000,41.0045,40.0660,38.5685,37.6370,Equity
COF,COF,196.4600,USD,-0.4396,-1.8681,0.0000,USD,2514400.0000,0.0000,0.0000,0.0000,3430623.3333,0.7329,0.0000,0.0000,0.0000,-2.0394,-8.9071,-1.7278,11.1548,-10.9513,0.0000,0.0000,0.0000,0.0000,0.0000,0.0000,256.6386,USD,256.6386,USD,2.2800,0.0000,205.2250,211.5009,206.9405,200.9350,Equity
COHR,COHR,282.4500,USD,-1.9437,-4.5229,0.0000,USD,6885000.0000,0.0000,0.0000,0.0000,6349463.3333,1.0843,0.0000,0.0000,0.0000,-9.0016,1.1640,-28.3976,28.5909,163.9967,0.0000,0.0000,0.0000,0.0000,0.0000,0.0000,440.0000,USD,440.0000,USD,5.7419,0.0000,286.6056,296.8638,290.5505,297.5840,Equity
COIN,COIN,191.7900,USD,0.5023,-1.7016,0.0000,USD,6759900.0000,0.0000,0.0000,0.0000,10573963.3333,0.6393,0.0000,0.0000,0.0000,-4.6153,7.3612,31.1923,19.2798,-38.6449,0.0000,0.0000,0.0000,0.0000,0.0000,0.0000,402.1600,USD,444.6500,USD,5.3960,0.0000,186.9753,171.1332,185.0545,189.1200,Equity
COO,COO,56.5700,USD,-0.5417,2.1488,0.0000,USD,4728900.0000,0.0000,0.0000,0.0000,3911186.6667,1.2091,0.0000,0.0000,0.0000,2.3151,-20.5143,-21.1128,-18.3812,-16.2546,0.0000,0.0000,0.0000,0.0000,0.0000,0.0000,89.8300,USD,110.6800,USD,3.3987,0.0000,71.8730,68.0830,59.6280,54.9760,Equity
COP,COP,126.0400,USD,1.6182,-0.9898,0.0000,USD,6196900.0000,0.0000,0.0000,0.0000,6869746.6667,0.9021,0.0000,0.0000,0.0000,0.6147,-3.3065,22.0476,-3.8125,32.0203,0.0000,0.0000,0.0000,0.0000,0.0000,0.0000,141.6200,USD,141.6200,USD,2.3752,0.0000,114.6971,127.0402,133.0420,130.2350,Equity
COR,COR,303.8100,USD,-0.2346,-1.0133,0.0000,USD,1521400.0000,0.0000,0.0000,0.0000,1189546.6667,1.2790,0.0000,0.0000,0.0000,-3.3775,-5.6579,7.5691,-1.5583,-0.2850,0.0000,0.0000,0.0000,0.0000,0.0000,0.0000,375.3261,USD,375.3261,USD,2.1608,0.0000,317.8997,317.1837,319.9820,312.3780,Equity
COST,COST,922.9200,USD,0.1756,0.0163,0.0000,USD,2443800.0000,0.0000,0.0000,0.0000,2184293.3333,1.1188,0.0000,0.0000,0.0000,2.6139,-2.3851,-1.1847,-7.1095,1.3488,0.0000,0.0000,0.0000,0.0000,0.0000,0.0000,1094.7595,USD,1094.7595,USD,1.5114,0.0000,958.5172,933.9683,911.0705,902.9090,Equity
CPAY,CPAY,396.2300,USD,-0.6782,-0.4722,0.0000,USD,492400.0000,0.0000,0.0000,0.0000,434683.3333,1.1328,0.0000,0.0000,0.0000,0.8347,-2.8562,18.8916,36.4616,33.5457,0.0000,0.0000,0.0000,0.0000,0.0000,0.0000,427.4600,USD,427.4600,USD,1.8464,0.0000,345.1841,399.5586,404.7990,399.2030,Equity
CPRT,CPRT,27.2200,USD,-0.5074,-1.3411,0.0000,USD,8045100.0000,0.0000,0.0000,0.0000,10644160.0000,0.7558,0.0000,0.0000,0.0000,-5.4861,-17.4902,-3.4409,-16.5287,-39.3359,0.0000,0.0000,0.0000,0.0000,0.0000,0.0000,45.8900,USD,64.3800,USD,3.0778,0.0000,33.7274,30.4936,30.6105,29.0230,Equity
CPT,CPT,98.4000,USD,0.0408,0.2854,0.0000,USD,1450500.0000,0.0000,0.0000,0.0000,1032696.6667,1.4046,0.0000,0.0000,0.0000,-0.9163,-7.4753,-14.0536,2.6056,-4.2911,0.0000,0.0000,0.0000,0.0000,0.0000,0.0000,119.8100,USD,119.8100,USD,1.6671,0.0000,105.9374,107.0420,102.0340,99.3930,Equity
CRH,CRH,83.7500,USD,-1.7404,-1.5169,0.0000,USD,8099700.0000,0.0000,0.0000,0.0000,4777256.6667,1.6955,0.0000,0.0000,0.0000,-4.8728,-12.6330,-21.4153,-17.1902,-25.4960,0.0000,0.0000,0.0000,0.0000,0.0000,0.0000,130.0918,USD,130.0918,USD,2.6496,0.0000,108.4897,94.0015,88.5005,86.0400,Equity
CRL,CRL,294.5900,USD,-1.2669,0.5976,0.0000,USD,900000.0000,0.0000,0.0000,0.0000,949286.6667,0.9481,0.0000,0.0000,0.0000,3.3250,1.0600,29.8955,84.4415,98.2970,0.0000,0.0000,0.0000,0.0000,0.0000,0.0000,303.3100,USD,303.3100,USD,3.2797,0.0000,208.0326,270.4488,282.8505,282.9340,Equity
CRM,CRM,227.2700,USD,-3.8672,-2.8844,0.0000,USD,10327500.0000,0.0000,0.0000,0.0000,15341166.6667,0.6732,0.0000,0.0000,0.0000,-2.5763,-11.0665,45.3274,23.6709,-5.8466,0.0000,0.0000,0.0000,0.0000,0.0000,0.0000,267.7989,USD,363.6951,USD,3.1878,0.0000,200.1979,214.5010,246.4035,239.2861,Equity
CRWD,CRWD,259.2500,USD,-1.2771,2.8239,0.0000,USD,8962000.0000,0.0000,0.0000,0.0000,11587403.3333,0.7734,0.0000,0.0000,0.0000,3.6751,18.7042,35.8859,172.8517,115.4044,0.0000,0.0000,0.0000,0.0000,0.0000,0.0000,263.8700,USD,263.8700,USD,5.3208,0.0000,150.7603,213.7546,232.3255,250.0150,Equity
CSCO,CSCO,106.7400,USD,-0.1687,0.0375,0.0000,USD,19356400.0000,0.0000,0.0000,0.0000,17412033.3333,1.1117,0.0000,0.0000,0.0000,0.2818,-2.9018,-8.7866,39.8233,62.0800,0.0000,0.0000,0.0000,0.0000,0.0000,0.0000,129.8841,USD,129.8841,USD,2.1454,0.0000,96.6908,112.3428,108.9015,108.2300,Equity
CSGP,CSGP,27.0200,USD,-1.4596,-3.8092,0.0000,USD,5182600.0000,0.0000,0.0000,0.0000,6774566.6667,0.7650,0.0000,0.0000,0.0000,-6.0827,-16.1390,-4.5904,-33.9041,-67.8295,0.0000,0.0000,0.0000,0.0000,0.0000,0.0000,85.2400,USD,97.4300,USD,3.6964,0.0000,40.8570,30.3520,29.9320,28.9350,Equity
CSX,CSX,46.7600,USD,-0.2779,-0.0428,0.0000,USD,9603700.0000,0.0000,0.0000,0.0000,10121210.0000,0.9489,0.0000,0.0000,0.0000,0.3649,-8.5647,-1.3507,18.2593,39.2563,0.0000,0.0000,0.0000,0.0000,0.0000,0.0000,53.4537,USD,53.4537,USD,2.0371,0.0000,43.8939,49.6621,48.1175,47.1820,Equity
CTAS,CTAS,200.5800,USD,-0.2001,0.3351,0.0000,USD,1856700.0000,0.0000,0.0000,0.0000,1989286.6667,0.9333,0.0000,0.0000,0.0000,0.8954,-1.7631,18.2391,19.5588,-0.8045,0.0000,0.0000,0.0000,0.0000,0.0000,0.0000,218.6021,USD,226.4966,USD,1.8749,0.0000,187.1579,201.9901,199.1560,197.9830,Equity
CTSH,CTSH,56.7500,USD,-1.1861,-1.0117,0.0000,USD,4846200.0000,0.0000,0.0000,0.0000,5925740.0000,0.8178,0.0000,0.0000,0.0000,-3.2890,-11.3835,47.3864,-5.8545,-13.3614,0.0000,0.0000,0.0000,0.0000,0.0000,0.0000,85.4819,USD,87.7849,USD,3.2163,0.0000,60.8214,57.5655,60.7095,59.5330,Equity
CTVA,CTVA,77.7400,USD,-0.1401,-0.9934,0.0000,USD,3248500.0000,0.0000,0.0000,0.0000,4767946.6667,0.6813,0.0000,0.0000,0.0000,-3.2362,-7.1446,-8.0107,-5.8647,15.2451,0.0000,0.0000,0.0000,0.0000,0.0000,0.0000,90.8700,USD,90.8700,USD,2.8358,0.0000,78.2696,82.1717,83.1125,80.2040,Equity
CVNA,CVNA,60.4700,USD,-2.1211,-7.0550,0.0000,USD,15472300.0000,0.0000,0.0000,0.0000,7885270.0000,1.9622,0.0000,0.0000,0.0000,-7.5382,-18.3279,-8.1282,3.9718,-18.1267,0.0000,0.0000,0.0000,0.0000,0.0000,0.0000,97.3780,USD,97.3780,USD,4.2873,0.0000,72.5272,68.7400,68.7875,64.9490,Equity
CVS,CVS,87.8500,USD,0.4263,-1.4361,0.0000,USD,7900300.0000,0.0000,0.0000,0.0000,7203173.3333,1.0968,0.0000,0.0000,0.0000,0.8611,-5.5985,-14.5540,27.1311,19.6230,0.0000,0.0000,0.0000,0.0000,0.0000,0.0000,110.0000,USD,110.0000,USD,2.4662,0.0000,86.7635,96.6370,92.3770,88.7910,Equity
CVX,CVX,206.3700,USD,1.2473,0.9391,0.0000,USD,9529800.0000,0.0000,0.0000,0.0000,9366950.0000,1.0174,0.0000,0.0000,0.0000,1.9564,2.2342,25.5858,-0.3001,33.9298,0.0000,0.0000,0.0000,0.0000,0.0000,0.0000,217.7800,USD,217.7800,USD,1.8793,0.0000,182.9466,200.7266,209.4970,207.8450,Equity
D,D,60.2800,USD,-0.0824,-0.6592,0.0000,USD,3454300.0000,0.0000,0.0000,0.0000,4588693.3333,0.7528,0.0000,0.0000,0.0000,-3.4439,-7.1106,-10.8376,-0.5520,4.1865,0.0000,0.0000,0.0000,0.0000,0.0000,0.0000,72.2600,USD,72.2600,USD,1.6333,0.0000,63.2006,66.2706,63.8319,62.3030,Equity
DAL,DAL,84.0300,USD,-1.8719,-1.0713,0.0000,USD,7608500.0000,0.0000,0.0000,0.0000,6396640.0000,1.1895,0.0000,0.0000,0.0000,0.1311,4.9457,-10.0603,33.6619,48.5127,0.0000,0.0000,0.0000,0.0000,0.0000,0.0000,95.4443,USD,95.4443,USD,2.6398,0.0000,75.2526,84.0464,80.1405,81.5710,Equity
DASH,DASH,178.3900,USD,-2.4979,-7.7420,0.0000,USD,6847900.0000,0.0000,0.0000,0.0000,4220526.6667,1.6225,0.0000,0.0000,0.0000,-7.1901,-24.6473,-3.3274,20.5256,-32.0341,0.0000,0.0000,0.0000,0.0000,0.0000,0.0000,285.5000,USD,285.5000,USD,3.7713,0.0000,187.5125,205.4763,201.9342,191.7110,Equity
DD,DD,130.9800,USD,-0.9187,-0.5543,0.0000,USD,834200.0000,0.0000,0.0000,0.0000,1165116.6667,0.7160,0.0000,0.0000,0.0000,-0.6222,-3.9595,-3.0107,-0.4385,39.3844,0.0000,0.0000,0.0000,0.0000,0.0000,0.0000,156.0402,USD,156.0402,USD,1.9993,0.0000,136.5280,135.7572,129.9325,129.8460,Equity
DDOG,DDOG,268.7000,USD,-4.1510,0.2126,0.0000,USD,3478200.0000,0.0000,0.0000,0.0000,3645183.3333,0.9542,0.0000,0.0000,0.0000,8.5766,13.3851,3.2033,132.0180,93.2121,0.0000,0.0000,0.0000,0.0000,0.0000,0.0000,292.7200,USD,292.7200,USD,4.8856,0.0000,182.2987,242.9033,233.5513,246.4745,Equity
DE,DE,689.5900,USD,-0.4823,-0.1260,0.0000,USD,798800.0000,0.0000,0.0000,0.0000,1398560.0000,0.5712,0.0000,0.0000,0.0000,-1.9243,9.4014,8.7116,24.8244,50.4834,0.0000,0.0000,0.0000,0.0000,0.0000,0.0000,721.2200,USD,721.2200,USD,2.3407,0.0000,582.2326,642.7002,685.2915,689.5450,Equity
DECK,DECK,78.3600,USD,-0.5847,-0.3940,0.0000,USD,3359600.0000,0.0000,0.0000,0.0000,3143766.6667,1.0687,0.0000,0.0000,0.0000,-1.8414,-10.7110,-21.0797,-17.4897,-25.9147,0.0000,0.0000,0.0000,0.0000,0.0000,0.0000,122.2900,USD,223.9800,USD,2.7427,0.0000,101.7442,89.6212,80.9110,78.7970,Equity
DELL,DELL,543.4300,USD,-1.9809,-3.4572,0.0000,USD,6863100.0000,0.0000,0.0000,0.0000,9172290.0000,0.7482,0.0000,0.0000,0.0000,-1.0001,19.1106,26.1596,231.5998,320.8894,0.0000,0.0000,0.0000,0.0000,0.0000,0.0000,595.5100,USD,595.5100,USD,6.0952,0.0000,284.3978,478.6510,533.5360,557.9660,Equity
DG,DG,124.3700,USD,-1.4979,-0.3765,0.0000,USD,2452500.0000,0.0000,0.0000,0.0000,2622200.0000,0.9353,0.0000,0.0000,0.0000,1.4189,1.2043,8.5955,6.5827,24.2614,0.0000,0.0000,0.0000,0.0000,0.0000,0.0000,156.6841,USD,156.6841,USD,2.9354,0.0000,126.3062,124.3486,125.7165,123.1950,Equity
DGX,DGX,237.6200,USD,-0.8675,0.5501,0.0000,USD,1030800.0000,0.0000,0.0000,0.0000,1030126.6667,1.0007,0.0000,0.0000,0.0000,1.2183,-2.1173,12.5672,21.5393,27.9381,0.0000,0.0000,0.0000,0.0000,0.0000,0.0000,248.8400,USD,248.8400,USD,2.3131,0.0000,204.1020,236.2434,239.0050,241.1230,Equity
DHI,DHI,139.4200,USD,-0.7632,-1.4769,0.0000,USD,2654000.0000,0.0000,0.0000,0.0000,2387973.3333,1.1114,0.0000,0.0000,0.0000,-3.2545,-5.4074,-14.1482,5.8316,-15.6140,0.0000,0.0000,0.0000,0.0000,0.0000,0.0000,174.1299,USD,191.0442,USD,2.3093,0.0000,148.2300,144.5349,140.3685,140.1730,Equity
DHR,DHR,227.3300,USD,-0.4856,1.2651,0.0000,USD,4929800.0000,0.0000,0.0000,0.0000,3862816.6667,1.2762,0.0000,0.0000,0.0000,2.8224,5.2113,19.3459,23.8793,23.6763,0.0000,0.0000,0.0000,0.0000,0.0000,0.0000,241.7819,USD,276.1786,USD,2.6082,0.0000,201.3576,206.3586,211.9600,217.6110,Equity
DIS,DIS,105.5900,USD,-0.9703,-0.5276,0.0000,USD,12096100.0000,0.0000,0.0000,0.0000,8223836.6667,1.4709,0.0000,0.0000,0.0000,1.7049,-2.3219,9.7039,12.8065,-5.5971,0.0000,0.0000,0.0000,0.0000,0.0000,0.0000,115.4187,USD,122.9102,USD,1.9353,0.0000,103.4392,103.6454,105.7330,105.0240,Equity
DLR,DLR,177.1800,USD,0.0728,-0.8006,0.0000,USD,1376800.0000,0.0000,0.0000,0.0000,1969816.6667,0.6989,0.0000,0.0000,0.0000,-4.5623,-3.8147,-0.6599,2.5142,6.2956,0.0000,0.0000,0.0000,0.0000,0.0000,0.0000,206.0571,USD,206.0571,USD,2.4111,0.0000,178.3701,187.2498,183.2370,181.6940,Equity
DLTR,DLTR,116.0200,USD,-1.0257,1.7095,0.0000,USD,2072500.0000,0.0000,0.0000,0.0000,2815616.6667,0.7361,0.0000,0.0000,0.0000,0.8519,-9.5431,-4.0761,9.7220,22.0492,0.0000,0.0000,0.0000,0.0000,0.0000,0.0000,142.4000,USD,142.4000,USD,3.4922,0.0000,117.5914,124.8198,119.3385,113.5670,Equity
DOC,DOC,20.1000,USD,0.0492,-1.0340,0.0000,USD,5460800.0000,0.0000,0.0000,0.0000,4897486.6667,1.1150,0.0000,0.0000,0.0000,-2.4272,-3.6188,-4.7032,25.2336,13.3997,0.0000,0.0000,0.0000,0.0000,0.0000,0.0000,22.7227,USD,22.7227,USD,1.8080,0.0000,18.3827,20.9922,20.4588,20.3820,Equity
DOV,DOV,191.4800,USD,-0.7036,-0.2085,0.0000,USD,1269800.0000,0.0000,0.0000,0.0000,1252656.6667,1.0137,0.0000,0.0000,0.0000,2.6482,-3.3686,-14.3984,-5.1042,15.1498,0.0000,0.0000,0.0000,0.0000,0.0000,0.0000,235.7915,USD,235.7915,USD,2.0349,0.0000,209.3268,198.8690,189.7820,188.6900,Equity
DOW,DOW,27.8900,USD,1.0171,-0.4640,0.0000,USD,7993900.0000,0.0000,0.0000,0.0000,8705920.0000,0.9182,0.0000,0.0000,0.0000,-1.0993,-7.5265,3.1201,-31.9309,27.4675,0.0000,0.0000,0.0000,0.0000,0.0000,0.0000,41.8244,USD,49.2696,USD,3.1456,0.0000,31.3262,29.8550,29.3170,28.7740,Equity
DPZ,DPZ,292.2700,USD,-0.3115,0.0445,0.0000,USD,610400.0000,0.0000,0.0000,0.0000,821366.6667,0.7432,0.0000,0.0000,0.0000,-1.6323,-15.9779,-0.6629,-16.1627,-31.4760,0.0000,0.0000,0.0000,0.0000,0.0000,0.0000,434.7342,USD,484.7529,USD,2.8550,0.0000,352.2143,331.4526,313.8606,297.0900,Equity
DRI,DRI,197.0200,USD,0.5106,-1.3667,0.0000,USD,1487700.0000,0.0000,0.0000,0.0000,1169423.3333,1.2722,0.0000,0.0000,0.0000,-7.7363,-8.6305,-3.5904,2.6109,8.0530,0.0000,0.0000,0.0000,0.0000,0.0000,0.0000,229.7600,USD,229.7600,USD,2.4223,0.0000,201.8483,211.6064,210.9435,207.5770,Equity
DTE,DTE,120.8300,USD,-0.0741,-0.5023,0.0000,USD,2366600.0000,0.0000,0.0000,0.0000,1561310.0000,1.5158,0.0000,0.0000,0.0000,-3.6520,-10.2493,-19.9742,-15.8526,-10.2776,0.0000,0.0000,0.0000,0.0000,0.0000,0.0000,154.3382,USD,154.3382,USD,1.6148,0.0000,138.7605,135.6868,129.6614,125.3226,Equity
DUK,DUK,113.4100,USD,0.1323,0.0529,0.0000,USD,4193500.0000,0.0000,0.0000,0.0000,3795166.6667,1.1050,0.0000,0.0000,0.0000,-2.4933,-5.6881,-9.6167,-12.3865,-4.5764,0.0000,0.0000,0.0000,0.0000,0.0000,0.0000,132.1757,USD,132.1757,USD,1.2514,0.0000,122.3260,121.5088,118.0385,115.8810,Equity
DVA,DVA,178.0700,USD,0.1345,-0.2241,0.0000,USD,439400.0000,0.0000,0.0000,0.0000,672310.0000,0.6536,0.0000,0.0000,0.0000,-3.0753,-1.4445,-19.9613,16.8668,36.1391,0.0000,0.0000,0.0000,0.0000,0.0000,0.0000,247.4900,USD,247.4900,USD,2.8513,0.0000,168.9519,194.1168,182.2290,183.2120,Equity
DVN,DVN,46.7300,USD,1.5515,-0.6801,0.0000,USD,9497200.0000,0.0000,0.0000,0.0000,12336086.6667,0.7699,0.0000,0.0000,0.0000,-0.4262,-0.6702,13.8254,-8.0606,29.5515,0.0000,0.0000,0.0000,0.0000,0.0000,0.0000,52.0010,USD,52.0010,USD,2.6339,0.0000,43.8744,46.4993,48.4991,48.2340,Equity
DXCM,DXCM,86.6800,USD,0.2886,0.0693,0.0000,USD,3411300.0000,0.0000,0.0000,0.0000,4123823.3333,0.8272,0.0000,0.0000,0.0000,-3.1833,-4.5585,28.7008,40.0323,29.1803,0.0000,0.0000,0.0000,0.0000,0.0000,0.0000,92.5900,USD,93.2500,USD,2.4976,0.0000,72.6732,85.3324,87.3700,87.8270,Equity
EBAY,EBAY,107.3200,USD,-0.3058,-0.5375,0.0000,USD,3726200.0000,0.0000,0.0000,0.0000,5002060.0000,0.7449,0.0000,0.0000,0.0000,-1.7936,1.6095,-3.6722,22.6505,19.2536,0.0000,0.0000,0.0000,0.0000,0.0000,0.0000,118.6195,USD,118.6195,USD,3.2367,0.0000,100.0971,107.6085,107.3020,109.1660,Equity
ECHO,ECHO,89.2200,USD,-0.3440,-0.9877,0.0000,USD,2641400.0000,0.0000,0.0000,0.0000,2932533.3333,0.9007,0.0000,0.0000,0.0000,-6.5368,2.7407,-12.0985,-20.5025,21.4704,0.0000,0.0000,0.0000,0.0000,0.0000,0.0000,147.2500,USD,147.2500,USD,2.9143,0.0000,109.0168,89.6578,91.4365,92.6350,Equity
ECL,ECL,280.2300,USD,-0.6870,0.2648,0.0000,USD,954100.0000,0.0000,0.0000,0.0000,1379240.0000,0.6918,0.0000,0.0000,0.0000,1.4517,-2.0141,0.8487,7.3337,4.5341,0.0000,0.0000,0.0000,0.0000,0.0000,0.0000,306.7900,USD,306.7900,USD,1.8176,0.0000,272.1478,277.6177,275.7843,274.7830,Equity
ED,ED,102.8300,USD,0.0776,-0.2619,0.0000,USD,1960100.0000,0.0000,0.0000,0.0000,2091110.0000,0.9373,0.0000,0.0000,0.0000,-0.9726,-4.3353,-6.2882,-7.8034,6.6458,0.0000,0.0000,0.0000,0.0000,0.0000,0.0000,114.3268,USD,114.3268,USD,1.3990,0.0000,106.3738,107.3375,105.7640,104.2120,Equity
EFX,EFX,145.7800,USD,-0.9655,-1.5732,0.0000,USD,2440800.0000,0.0000,0.0000,0.0000,1432203.3333,1.7042,0.0000,0.0000,0.0000,-8.7620,-24.7742,-7.8873,-17.3027,-42.0119,0.0000,0.0000,0.0000,0.0000,0.0000,0.0000,255.4798,USD,290.0857,USD,3.3913,0.0000,183.1020,175.6989,167.1675,156.7330,Equity
EG,EG,369.8000,USD,-0.1755,-0.1701,0.0000,USD,270100.0000,0.0000,0.0000,0.0000,366043.3333,0.7379,0.0000,0.0000,0.0000,-0.3127,-1.5358,4.0816,15.6823,7.8086,0.0000,0.0000,0.0000,0.0000,0.0000,0.0000,398.9011,USD,398.9011,USD,1.7124,0.0000,343.7885,373.2295,374.1796,373.7220,Equity
EIX,EIX,51.4700,USD,0.4178,-2.2412,0.0000,USD,5535600.0000,0.0000,0.0000,0.0000,6186596.6667,0.8948,0.0000,0.0000,0.0000,-6.5032,-26.6496,-30.0457,-26.6288,-1.2789,0.0000,0.0000,0.0000,0.0000,0.0000,0.0000,81.6200,USD,81.6200,USD,3.9571,0.0000,67.3214,66.3742,55.3520,54.0350,Equity
EL,EL,95.5700,USD,-1.6407,1.1644,0.0000,USD,3564600.0000,0.0000,0.0000,0.0000,3692810.0000,0.9653,0.0000,0.0000,0.0000,-4.7064,-7.2496,21.4625,41.6084,11.8503,0.0000,0.0000,0.0000,0.0000,0.0000,0.0000,120.3836,USD,120.3836,USD,3.0441,0.0000,91.7761,92.7587,98.0225,96.0010,Equity
ELV,ELV,394.5900,USD,0.2272,-0.3787,0.0000,USD,1334200.0000,0.0000,0.0000,0.0000,1108206.6667,1.2039,0.0000,0.0000,0.0000,-1.9482,0.4760,2.4765,39.7240,26.3101,0.0000,0.0000,0.0000,0.0000,0.0000,0.0000,434.3495,USD,505.2184,USD,2.3246,0.0000,362.2002,395.8469,406.2174,405.4540,Equity
EME,EME,765.5200,USD,-0.1246,0.4343,0.0000,USD,381100.0000,0.0000,0.0000,0.0000,357883.3333,1.0649,0.0000,0.0000,0.0000,1.1923,3.4249,-7.7077,9.2992,19.7431,0.0000,0.0000,0.0000,0.0000,0.0000,0.0000,951.4685,USD,951.4685,USD,2.6850,0.0000,769.4329,771.0450,750.2850,750.0030,Equity
EMR,EMR,159.3900,USD,-1.0049,0.7331,0.0000,USD,2140500.0000,0.0000,0.0000,0.0000,2172363.3333,0.9853,0.0000,0.0000,0.0000,3.3725,2.7130,11.7224,30.2327,25.8891,0.0000,0.0000,0.0000,0.0000,0.0000,0.0000,165.7878,USD,165.7878,USD,2.1897,0.0000,143.3835,153.0076,151.3920,152.4410,Equity
EOG,EOG,140.6300,USD,1.4464,0.1995,0.0000,USD,2746200.0000,0.0000,0.0000,0.0000,3104713.3333,0.8845,0.0000,0.0000,0.0000,0.7956,-1.8975,9.2066,-4.7477,24.0463,0.0000,0.0000,0.0000,0.0000,0.0000,0.0000,154.1600,USD,154.1600,USD,2.2698,0.0000,130.1732,144.6210,145.2050,143.4950,Equity
EQIX,EQIX,1011.0700,USD,0.0774,0.2966,0.0000,USD,467200.0000,0.0000,0.0000,0.0000,528306.6667,0.8843,0.0000,0.0000,0.0000,-4.5494,-3.1922,-2.5412,5.8997,30.6660,0.0000,0.0000,0.0000,0.0000,0.0000,0.0000,1118.6550,USD,1118.6550,USD,2.3853,0.0000,974.6065,1042.4835,1029.6695,1027.8510,Equity
EQT,EQT,49.8700,USD,-0.1771,-1.8500,0.0000,USD,5341000.0000,0.0000,0.0000,0.0000,7278143.3333,0.7338,0.0000,0.0000,0.0000,-1.8500,-8.6128,-5.9123,-22.1487,-6.6632,0.0000,0.0000,0.0000,0.0000,0.0000,0.0000,67.8355,USD,67.8355,USD,2.6890,0.0000,55.3765,52.9489,52.8360,50.8430,Equity
ERIE,ERIE,221.9200,USD,-0.2513,-0.4218,0.0000,USD,111400.0000,0.0000,0.0000,0.0000,273413.3333,0.4074,0.0000,0.0000,0.0000,-5.3162,-14.7773,-6.9072,-9.4797,-28.2821,0.0000,0.0000,0.0000,0.0000,0.0000,0.0000,325.0731,USD,526.2123,USD,3.0232,0.0000,248.4519,245.0530,242.3595,233.9470,Equity
ES,ES,63.2800,USD,-0.1413,-0.6125,0.0000,USD,3255600.0000,0.0000,0.0000,0.0000,2234506.6667,1.4570,0.0000,0.0000,0.0000,-4.6701,-9.6203,-11.4086,-5.2989,-5.1107,0.0000,0.0000,0.0000,0.0000,0.0000,0.0000,75.6790,USD,75.6790,USD,1.6899,0.0000,68.7631,70.0186,67.5378,65.7548,Equity
ESS,ESS,273.0100,USD,0.2982,0.5155,0.0000,USD,462900.0000,0.0000,0.0000,0.0000,536206.6667,0.8633,0.0000,0.0000,0.0000,-0.6369,-3.8799,-6.3720,14.7490,6.0098,0.0000,0.0000,0.0000,0.0000,0.0000,0.0000,303.3500,USD,303.3500,USD,1.5716,0.0000,265.3954,282.6722,274.6215,272.4130,Equity
ETN,ETN,431.4100,USD,-0.5159,-1.9478,0.0000,USD,2367400.0000,0.0000,0.0000,0.0000,1976766.6667,1.1976,0.0000,0.0000,0.0000,-2.5040,7.1081,1.4905,26.2383,19.3227,0.0000,0.0000,0.0000,0.0000,0.0000,0.0000,478.0000,USD,478.0000,USD,2.7851,0.0000,385.6831,419.4474,415.4470,425.2500,Equity
ETR,ETR,98.1000,USD,-0.2942,-0.4768,0.0000,USD,2378800.0000,0.0000,0.0000,0.0000,2605403.3333,0.9130,0.0000,0.0000,0.0000,-3.0249,-7.2340,-14.0818,-10.6571,8.9900,0.0000,0.0000,0.0000,0.0000,0.0000,0.0000,117.7471,USD,117.7471,USD,1.7656,0.0000,105.1913,106.4345,103.6445,100.7360,Equity
EVRG,EVRG,77.9100,USD,0.0000,-0.1666,0.0000,USD,3762200.0000,0.0000,0.0000,0.0000,2167330.0000,1.7359,0.0000,0.0000,0.0000,-1.7156,-3.3974,-9.1050,-2.9063,8.8519,0.0000,0.0000,0.0000,0.0000,0.0000,0.0000,87.8862,USD,87.8862,USD,1.4130,0.0000,79.8579,81.9409,80.2925,79.1770,Equity
EW,EW,86.8300,USD,-0.3361,0.6258,0.0000,USD,3228100.0000,0.0000,0.0000,0.0000,3135516.6667,1.0295,0.0000,0.0000,0.0000,-2.1964,-3.7468,-4.0128,9.2201,13.8754,0.0000,0.0000,0.0000,0.0000,0.0000,0.0000,96.2900,USD,96.2900,USD,2.3958,0.0000,85.0784,88.3408,87.7935,87.4320,Equity
EXC,EXC,40.3200,USD,0.0000,-0.0496,0.0000,USD,7470500.0000,0.0000,0.0000,0.0000,7011960.0000,1.0654,0.0000,0.0000,0.0000,-3.5407,-7.3437,-12.6900,-16.3374,-5.1931,0.0000,0.0000,0.0000,0.0000,0.0000,0.0000,49.7048,USD,49.7048,USD,1.5616,0.0000,44.9460,44.0640,42.4815,41.4680,Equity
EXE,EXE,85.3100,USD,0.1727,-1.7619,0.0000,USD,4579200.0000,0.0000,0.0000,0.0000,3108243.3333,1.4732,0.0000,0.0000,0.0000,-1.9763,-13.0909,-5.8860,-22.5289,-17.5258,0.0000,0.0000,0.0000,0.0000,0.0000,0.0000,124.4287,USD,124.4287,USD,2.5074,0.0000,97.9828,93.2396,92.7805,88.1280,Equity
EXPD,EXPD,188.5800,USD,-0.4321,0.5975,0.0000,USD,751000.0000,0.0000,0.0000,0.0000,898320.0000,0.8360,0.0000,0.0000,0.0000,0.5706,-1.2515,15.7075,33.9778,56.3941,0.0000,0.0000,0.0000,0.0000,0.0000,0.0000,194.5900,USD,194.5900,USD,1.9781,0.0000,161.5382,184.0096,188.9795,189.0350,Equity
EXPE,EXPE,264.2300,USD,-1.5747,0.0227,0.0000,USD,1810600.0000,0.0000,0.0000,0.0000,2036653.3333,0.8890,0.0000,0.0000,0.0000,-5.8675,-19.7942,3.4121,17.0689,19.4381,0.0000,0.0000,0.0000,0.0000,0.0000,0.0000,341.5077,USD,341.5077,USD,4.3759,0.0000,259.5645,297.6026,283.9085,275.4860,Equity
EXR,EXR,131.6800,USD,-0.2250,-1.2524,0.0000,USD,1206900.0000,0.0000,0.0000,0.0000,1282796.6667,0.9408,0.0000,0.0000,0.0000,-2.4520,-6.7747,-8.3081,4.9867,-1.3807,0.0000,0.0000,0.0000,0.0000,0.0000,0.0000,157.0336,USD,165.8593,USD,1.9057,0.0000,138.7054,141.9683,136.3265,135.3020,Equity
F,F,12.3800,USD,-0.6294,-2.5964,0.0000,USD,45502000.0000,0.0000,0.0000,0.0000,45788170.0000,0.9938,0.0000,0.0000,0.0000,-5.4962,-10.8069,-9.9706,13.0403,7.8868,0.0000,0.0000,0.0000,0.0000,0.0000,0.0000,17.5895,USD,17.5895,USD,2.9869,0.0000,13.2882,13.9001,13.5340,13.0570,Equity
FANG,FANG,185.2300,USD,2.0893,-0.7714,0.0000,USD,2173500.0000,0.0000,0.0000,0.0000,2833500.0000,0.7671,0.0000,0.0000,0.0000,0.3957,-6.2933,5.9564,-5.7264,27.9539,0.0000,0.0000,0.0000,0.0000,0.0000,0.0000,216.9000,USD,216.9000,USD,2.6368,0.0000,182.4786,198.5659,197.1670,191.5760,Equity
FAST,FAST,50.4900,USD,-0.5156,0.1190,0.0000,USD,6775500.0000,0.0000,0.0000,0.0000,6341610.0000,1.0684,0.0000,0.0000,0.0000,0.8187,1.4263,5.6987,13.1152,5.9276,0.0000,0.0000,0.0000,0.0000,0.0000,0.0000,52.9200,USD,52.9200,USD,1.9663,0.0000,45.7249,49.4699,49.4880,49.9000,Equity
FCX,FCX,71.9600,USD,-3.5265,-0.4840,0.0000,USD,8876600.0000,0.0000,0.0000,0.0000,13267650.0000,0.6690,0.0000,0.0000,0.0000,-3.2145,-5.8731,14.6997,32.2845,103.4506,0.0000,0.0000,0.0000,0.0000,0.0000,0.0000,80.2400,USD,80.2400,USD,3.2647,0.0000,62.9705,69.8904,72.4175,71.6450,Equity
FDS,FDS,267.6700,USD,-1.1059,-1.9811,0.0000,USD,762300.0000,0.0000,0.0000,0.0000,840116.6667,0.9074,0.0000,0.0000,0.0000,-3.1655,-13.0433,16.7762,31.9920,-5.9466,0.0000,0.0000,0.0000,0.0000,0.0000,0.0000,320.4800,USD,486.3291,USD,3.9227,0.0000,247.6954,280.3467,283.7925,276.8130,Equity
FDX,FDX,289.6500,USD,0.0000,1.3294,0.0000,USD,1890100.0000,0.0000,0.0000,0.0000,1574320.0000,1.2006,0.0000,0.0000,0.0000,-2.1254,-12.1171,-7.1354,5.9871,53.7104,0.0000,0.0000,0.0000,0.0000,0.0000,0.0000,342.7328,USD,342.7328,USD,2.3063,0.0000,295.7252,314.5326,306.0958,295.7780,Equity
FDXF,FDXF,112.3000,USD,-0.3446,-0.7775,0.0000,USD,1557700.0000,0.0000,0.0000,0.0000,1531420.0000,1.0172,0.0000,0.0000,0.0000,-5.6302,-15.8486,-25.6291,-25.6291,-25.6291,0.0000,0.0000,0.0000,0.0000,0.0000,0.0000,200.0000,USD,200.0000,USD,3.9651,0.0000,112.3000,134.9212,123.3230,118.6280,Equity
FE,FE,43.0200,USD,-0.2079,-0.6466,0.0000,USD,3523400.0000,0.0000,0.0000,0.0000,3973750.0000,0.8867,0.0000,0.0000,0.0000,-3.8229,-6.2337,-8.6107,-12.9421,-1.5004,0.0000,0.0000,0.0000,0.0000,0.0000,0.0000,51.2971,USD,51.2971,USD,1.4710,0.0000,46.7353,46.6592,45.3775,44.4560,Equity
FERG,FERG,227.3000,USD,-0.6465,2.0472,0.0000,USD,2127600.0000,0.0000,0.0000,0.0000,1395283.3333,1.5249,0.0000,0.0000,0.0000,2.7716,-0.5208,-3.8689,2.4040,2.1792,0.0000,0.0000,0.0000,0.0000,0.0000,0.0000,268.5917,USD,268.5917,USD,2.3843,0.0000,236.2846,231.9957,220.9235,218.6840,Equity
FFIV,FFIV,435.5600,USD,-0.4695,-1.6928,0.0000,USD,468500.0000,0.0000,0.0000,0.0000,509803.3333,0.9190,0.0000,0.0000,0.0000,-3.9199,10.4809,4.7120,55.7073,34.0721,0.0000,0.0000,0.0000,0.0000,0.0000,0.0000,462.0000,USD,462.0000,USD,3.3344,0.0000,341.4100,407.9770,419.9095,440.5710,Equity
FICO,FICO,840.8900,USD,-1.1853,-2.5722,0.0000,USD,394300.0000,0.0000,0.0000,0.0000,375956.6667,1.0488,0.0000,0.0000,0.0000,-8.0472,-27.1054,-29.6197,-19.7578,-44.6339,0.0000,0.0000,0.0000,0.0000,0.0000,0.0000,1998.0100,USD,2402.5200,USD,4.0611,0.0000,1242.1437,1076.1378,971.8975,917.2370,Equity
FIS,FIS,34.3100,USD,-0.7060,-3.1065,0.0000,USD,8891500.0000,0.0000,0.0000,0.0000,5956100.0000,1.4928,0.0000,0.0000,0.0000,-1.8593,-16.2489,-10.7345,-26.0215,-44.5504,0.0000,0.0000,0.0000,0.0000,0.0000,0.0000,66.5957,USD,86.7880,USD,2.9840,0.0000,46.4389,40.2004,37.6022,35.5770,Equity
FISV,FISV,46.0200,USD,-1.0112,-0.9897,0.0000,USD,9295400.0000,0.0000,0.0000,0.0000,6741116.6667,1.3789,0.0000,0.0000,0.0000,-0.1735,-13.4637,-6.1774,-15.6061,-64.2313,0.0000,0.0000,0.0000,0.0000,0.0000,0.0000,130.7700,USD,238.5900,USD,3.4990,0.0000,57.2129,51.4210,49.3330,47.2960,Equity
FITB,FITB,51.5700,USD,-0.4990,-1.0173,0.0000,USD,5397900.0000,0.0000,0.0000,0.0000,5607056.6667,0.9627,0.0000,0.0000,0.0000,-2.2555,-5.4455,-8.5152,17.2897,17.3665,0.0000,0.0000,0.0000,0.0000,0.0000,0.0000,59.5000,USD,59.5000,USD,1.9911,0.0000,51.1968,55.3932,53.4700,52.6150,Equity
FIX,FIX,1658.3000,USD,-0.1863,-0.0368,0.0000,USD,334300.0000,0.0000,0.0000,0.0000,352573.3333,0.9482,0.0000,0.0000,0.0000,2.0411,9.1899,-16.2865,30.3672,106.5861,0.0000,0.0000,0.0000,0.0000,0.0000,0.0000,2072.1044,USD,2072.1044,USD,3.7474,0.0000,1541.0595,1664.0677,1610.6185,1623.3680,Equity
FLEX,FLEX,113.0400,USD,-1.9009,-1.4301,0.0000,USD,2370500.0000,0.0000,0.0000,0.0000,3150446.6667,0.7524,0.0000,0.0000,0.0000,-1.2320,2.2986,-30.2524,86.6270,98.8391,0.0000,0.0000,0.0000,0.0000,0.0000,0.0000,166.8600,USD,166.8600,USD,4.2043,0.0000,98.7445,115.0790,110.5235,111.1910,Equity
FOX,FOX,56.5500,USD,-0.5129,0.0177,0.0000,USD,563400.0000,0.0000,0.0000,0.0000,1159766.6667,0.4858,0.0000,0.0000,0.0000,-1.3433,-7.3236,21.3262,5.6697,3.3362,0.0000,0.0000,0.0000,0.0000,0.0000,0.0000,67.4774,USD,67.4774,USD,2.4237,0.0000,56.5261,56.8480,58.4472,57.8130,Equity
FOXA,FOXA,63.0600,USD,-0.4122,-0.0159,0.0000,USD,2963400.0000,0.0000,0.0000,0.0000,5141136.6667,0.5764,0.0000,0.0000,0.0000,-1.8521,-7.4268,21.4314,7.1175,4.0872,0.0000,0.0000,0.0000,0.0000,0.0000,0.0000,75.6827,USD,75.6827,USD,2.4489,0.0000,62.9904,63.7004,65.4107,64.6130,Equity
FRT,FRT,109.8300,USD,-0.1267,-0.6243,0.0000,USD,1308000.0000,0.0000,0.0000,0.0000,803853.3333,1.6272,0.0000,0.0000,0.0000,-0.5703,-5.9272,-10.2036,7.2532,15.1376,0.0000,0.0000,0.0000,0.0000,0.0000,0.0000,128.2100,USD,128.2100,USD,1.4778,0.0000,111.1117,117.8558,113.5795,111.0200,Equity
FSLR,FSLR,172.9700,USD,0.2363,-2.6673,0.0000,USD,2268100.0000,0.0000,0.0000,0.0000,2180193.3333,1.0403,0.0000,0.0000,0.0000,-13.8510,-15.4015,-26.6952,-6.3508,-21.3844,0.0000,0.0000,0.0000,0.0000,0.0000,0.0000,320.9500,USD,320.9500,USD,4.7346,0.0000,225.9675,210.0612,198.0785,190.5960,Equity
FTNT,FTNT,176.3300,USD,-1.5912,1.6546,0.0000,USD,2830800.0000,0.0000,0.0000,0.0000,4357373.3333,0.6497,0.0000,0.0000,0.0000,1.1879,6.2229,14.7832,123.0613,109.1200,0.0000,0.0000,0.0000,0.0000,0.0000,0.0000,181.3700,USD,181.3700,USD,4.0485,0.0000,116.6418,161.8592,167.1505,174.3250,Equity
FTV,FTV,55.7600,USD,-0.8736,-0.5883,0.0000,USD,1921000.0000,0.0000,0.0000,0.0000,2201416.6667,0.8726,0.0000,0.0000,0.0000,-0.3396,-6.4703,-8.6137,4.2201,15.4072,0.0000,0.0000,0.0000,0.0000,0.0000,0.0000,64.4815,USD,64.4815,USD,1.9073,0.0000,58.1471,58.7408,55.9795,55.6410,Equity
GD,GD,334.1600,USD,-0.5524,-0.7603,0.0000,USD,1889400.0000,0.0000,0.0000,0.0000,1127620.0000,1.6756,0.0000,0.0000,0.0000,-2.6879,-11.9055,-5.2533,-1.0565,2.9410,0.0000,0.0000,0.0000,0.0000,0.0000,0.0000,400.0000,USD,400.0000,USD,1.9656,0.0000,353.4902,372.8350,354.0845,347.5390,Equity
GDDY,GDDY,93.7100,USD,-1.1736,-3.5310,0.0000,USD,2266700.0000,0.0000,0.0000,0.0000,2350223.3333,0.9645,0.0000,0.0000,0.0000,-4.6112,-4.0839,10.4029,14.6440,-33.7270,0.0000,0.0000,0.0000,0.0000,0.0000,0.0000,142.4900,USD,216.0000,USD,5.0130,0.0000,94.0149,96.2718,98.9380,98.8130,Equity
GE,GE,318.2400,USD,-1.7212,-2.7057,0.0000,USD,4173000.0000,0.0000,0.0000,0.0000,4243713.3333,0.9833,0.0000,0.0000,0.0000,-0.3070,-7.1049,-14.7415,16.6099,8.4332,0.0000,0.0000,0.0000,0.0000,0.0000,0.0000,388.8400,USD,388.8400,USD,2.3752,0.0000,323.0192,344.1260,323.1715,317.0830,Equity
GEHC,GEHC,66.7800,USD,-0.5103,0.2251,0.0000,USD,4166200.0000,0.0000,0.0000,0.0000,3244983.3333,1.2839,0.0000,0.0000,0.0000,0.7696,-6.8944,4.3864,-2.7916,-7.6634,0.0000,0.0000,0.0000,0.0000,0.0000,0.0000,89.6401,USD,94.5274,USD,2.1695,0.0000,71.6219,68.4785,66.4125,65.3095,Equity
GEN,GEN,20.8500,USD,-0.6013,-3.5615,0.0000,USD,18419100.0000,0.0000,0.0000,0.0000,8581160.0000,2.1465,0.0000,0.0000,0.0000,-23.5984,-32.7853,-15.8621,14.9244,-26.1595,0.0000,0.0000,0.0000,0.0000,0.0000,0.0000,31.6500,USD,31.6500,USD,4.1305,0.0000,24.5322,28.2729,28.7085,26.9310,Equity
GEV,GEV,949.7700,USD,-0.4605,-0.8208,0.0000,USD,1658500.0000,0.0000,0.0000,0.0000,2191383.3333,0.7568,0.0000,0.0000,0.0000,-0.0537,4.1494,-19.1589,16.2605,57.2991,0.0000,0.0000,0.0000,0.0000,0.0000,0.0000,1195.9399,USD,1195.9399,USD,3.1738,0.0000,911.4919,970.7432,933.2500,938.3920,Equity
GILD,GILD,152.2100,USD,-0.7487,0.8481,0.0000,USD,5076500.0000,0.0000,0.0000,0.0000,5771440.0000,0.8796,0.0000,0.0000,0.0000,-0.3013,5.0709,21.1550,13.0067,39.1362,0.0000,0.0000,0.0000,0.0000,0.0000,0.0000,154.5104,USD,154.5104,USD,2.2532,0.0000,134.6296,141.2115,148.4734,150.2410,Equity
GIS,GIS,33.6000,USD,-0.1189,-0.1189,0.0000,USD,10934400.0000,0.0000,0.0000,0.0000,9447926.6667,1.1573,0.0000,0.0000,0.0000,-5.2186,-19.1336,-1.7770,-6.3364,-28.7472,0.0000,0.0000,0.0000,0.0000,0.0000,0.0000,48.2575,USD,67.6606,USD,2.9327,0.0000,38.2435,37.5426,36.9300,35.5120,Equity
GL,GL,166.6900,USD,-0.0419,-0.2095,0.0000,USD,540600.0000,0.0000,0.0000,0.0000,440893.3333,1.2261,0.0000,0.0000,0.0000,-1.6172,-3.5303,-6.5394,22.6740,16.2432,0.0000,0.0000,0.0000,0.0000,0.0000,0.0000,191.5500,USD,191.5500,USD,1.8701,0.0000,156.5049,175.7808,171.3915,170.3340,Equity
GLW,GLW,151.5900,USD,-1.5822,-3.2857,0.0000,USD,7331100.0000,0.0000,0.0000,0.0000,8765216.6667,0.8364,0.0000,0.0000,0.0000,-5.0723,1.9435,-40.5413,18.3261,92.7057,0.0000,0.0000,0.0000,0.0000,0.0000,0.0000,271.2692,USD,271.2692,USD,4.1166,0.0000,148.7320,152.5455,153.3775,152.1290,Equity
GM,GM,80.6400,USD,-0.8835,-2.4083,0.0000,USD,8626700.0000,0.0000,0.0000,0.0000,6731493.3333,1.2815,0.0000,0.0000,0.0000,-3.3673,-6.3327,4.8349,11.3001,32.8147,0.0000,0.0000,0.0000,0.0000,0.0000,0.0000,91.6604,USD,91.6604,USD,2.9802,0.0000,80.4106,85.3611,84.6515,83.3490,Equity
GNRC,GNRC,205.2100,USD,-0.3507,-1.4077,0.0000,USD,961100.0000,0.0000,0.0000,0.0000,1314290.0000,0.7313,0.0000,0.0000,0.0000,-0.4656,11.6485,-29.9170,10.6253,21.9528,0.0000,0.0000,0.0000,0.0000,0.0000,0.0000,296.4400,USD,296.4400,USD,3.9357,0.0000,211.6336,200.9804,191.3510,198.6760,Equity
GOOG,GOOG,339.1600,USD,-1.0203,-0.5629,0.0000,USD,13870800.0000,0.0000,0.0000,0.0000,16651010.0000,0.8330,0.0000,0.0000,0.0000,-2.3747,-1.0207,-3.9481,24.3261,37.5699,0.0000,0.0000,0.0000,0.0000,0.0000,0.0000,403.9645,USD,403.9645,USD,2.0757,0.0000,336.5065,341.7127,338.5720,342.1390,Equity
GOOGL,GOOGL,342.7500,USD,-0.9363,-0.3402,0.0000,USD,19318300.0000,0.0000,0.0000,0.0000,24831286.6667,0.7780,0.0000,0.0000,0.0000,-2.3949,-1.0444,-4.0294,25.4754,39.3857,0.0000,0.0000,0.0000,0.0000,0.0000,0.0000,408.1038,USD,408.1038,USD,2.1068,0.0000,337.9490,344.0594,341.9385,345.7710,Equity
GPC,GPC,128.1300,USD,-1.1419,-1.1419,0.0000,USD,741400.0000,0.0000,0.0000,0.0000,1037100.0000,0.7149,0.0000,0.0000,0.0000,-1.1266,-6.0960,9.4486,25.0927,-3.5665,0.0000,0.0000,0.0000,0.0000,0.0000,0.0000,147.4279,USD,147.4279,USD,2.1995,0.0000,118.0986,130.8433,132.0894,129.2290,Equity
GPN,GPN,84.7000,USD,-1.6649,-2.0696,0.0000,USD,1889300.0000,0.0000,0.0000,0.0000,2515603.3333,0.7510,0.0000,0.0000,0.0000,-0.0944,-7.4931,17.0615,28.6057,1.7639,0.0000,0.0000,0.0000,0.0000,0.0000,0.0000,95.6093,USD,117.1597,USD,2.8449,0.0000,76.0396,87.7528,87.8079,85.6500,Equity
GRMN,GRMN,294.0500,USD,-0.7785,-0.0306,0.0000,USD,699200.0000,0.0000,0.0000,0.0000,873806.6667,0.8002,0.0000,0.0000,0.0000,3.2950,3.5060,24.2690,31.1930,24.2967,0.0000,0.0000,0.0000,0.0000,0.0000,0.0000,313.0677,USD,313.0677,USD,2.3377,0.0000,243.0153,283.4815,280.2608,284.1100,Equity
GS,GS,916.2800,USD,-0.4821,-2.0493,0.0000,USD,1825500.0000,0.0000,0.0000,0.0000,2046186.6667,0.8921,0.0000,0.0000,0.0000,-3.4977,-10.9500,-8.9584,14.5153,16.4224,0.0000,0.0000,0.0000,0.0000,0.0000,0.0000,1148.3658,USD,1148.3658,USD,2.5550,0.0000,951.6937,1014.5891,981.7755,942.8380,Equity
GWW,GWW,1255.6899,USD,-0.1681,1.0152,0.0000,USD,365500.0000,0.0000,0.0000,0.0000,246176.6667,1.4847,0.0000,0.0000,0.0000,-1.0192,-3.8743,-7.5168,19.2454,31.9190,0.0000,0.0000,0.0000,0.0000,0.0000,0.0000,1417.1425,USD,1417.1425,USD,1.8629,0.0000,1198.2361,1309.6997,1279.5100,1265.2320,Equity
HAL,HAL,32.4300,USD,0.6410,-1.0073,0.0000,USD,10552200.0000,0.0000,0.0000,0.0000,10908840.0000,0.9673,0.0000,0.0000,0.0000,-1.2785,-9.9489,-4.0339,-16.6604,31.7668,0.0000,0.0000,0.0000,0.0000,0.0000,0.0000,43.2048,USD,43.2048,USD,2.7143,0.0000,35.0889,34.0168,35.0600,33.5050,Equity
HAS,HAS,89.4500,USD,-0.6017,1.5439,0.0000,USD,1821800.0000,0.0000,0.0000,0.0000,1532653.3333,1.1887,0.0000,0.0000,0.0000,2.9226,-5.0727,9.1188,1.6437,22.1534,0.0000,0.0000,0.0000,0.0000,0.0000,0.0000,104.5995,USD,104.5995,USD,2.3136,0.0000,89.0876,91.5178,89.9705,88.1340,Equity
HBAN,HBAN,15.3000,USD,-0.6394,-2.1739,0.0000,USD,30524000.0000,0.0000,0.0000,0.0000,26894110.0000,1.1350,0.0000,0.0000,0.0000,-2.4857,-8.6797,-12.8517,3.8010,-8.7929,0.0000,0.0000,0.0000,0.0000,0.0000,0.0000,18.9046,USD,18.9046,USD,2.2760,0.0000,16.6533,16.8217,16.1778,15.7371,Equity
HCA,HCA,432.6000,USD,-1.0216,-0.6910,0.0000,USD,1106200.0000,0.0000,0.0000,0.0000,1449016.6667,0.7634,0.0000,0.0000,0.0000,-1.2599,3.7283,11.1589,-7.1743,3.9322,0.0000,0.0000,0.0000,0.0000,0.0000,0.0000,553.5614,USD,553.5614,USD,3.3618,0.0000,445.3394,411.5987,421.8319,430.2480,Equity
HD,HD,289.8900,USD,-0.9993,-1.1289,0.0000,USD,5415600.0000,0.0000,0.0000,0.0000,4457733.3333,1.2149,0.0000,0.0000,0.0000,-5.0630,-11.5581,-17.1979,-9.0520,-27.3088,0.0000,0.0000,0.0000,0.0000,0.0000,0.0000,400.0803,USD,417.3754,USD,1.8973,0.0000,335.9012,324.6124,306.6296,298.4980,Equity
HIG,HIG,126.0400,USD,0.1288,1.4570,0.0000,USD,2062600.0000,0.0000,0.0000,0.0000,1560653.3333,1.3216,0.0000,0.0000,0.0000,-2.0896,-8.6302,-4.4726,-5.3904,-3.6142,0.0000,0.0000,0.0000,0.0000,0.0000,0.0000,145.4320,USD,145.4320,USD,1.6159,0.0000,135.0239,137.2397,133.5235,129.8010,Equity
HII,HII,257.0500,USD,-0.8825,-2.6400,0.0000,USD,617200.0000,0.0000,0.0000,0.0000,443563.3333,1.3915,0.0000,0.0000,0.0000,-5.1301,-12.6304,-7.7321,-29.7268,-6.2589,0.0000,0.0000,0.0000,0.0000,0.0000,0.0000,455.8957,USD,455.8957,USD,2.4219,0.0000,342.5294,294.1530,278.5180,271.1470,Equity
HLT,HLT,320.2800,USD,-0.4332,2.0130,0.0000,USD,1913000.0000,0.0000,0.0000,0.0000,1746880.0000,1.0951,0.0000,0.0000,0.0000,3.8387,-0.4878,-3.0364,8.3499,22.6011,0.0000,0.0000,0.0000,0.0000,0.0000,0.0000,357.8371,USD,357.8371,USD,2.0073,0.0000,315.0498,317.8482,309.5300,309.0800,Equity
HON,HON,211.5200,USD,-0.6587,-0.4846,0.0000,USD,2198700.0000,0.0000,0.0000,0.0000,2996633.3333,0.7337,0.0000,0.0000,0.0000,-0.1558,-2.7181,-5.2458,-8.9846,4.7981,0.0000,0.0000,0.0000,0.0000,0.0000,0.0000,258.0861,USD,258.0861,USD,1.9793,0.0000,228.7064,222.9880,207.8360,209.0810,Equity
HONA,HONA,152.3200,USD,-0.9258,-4.0685,0.0000,USD,3699400.0000,0.0000,0.0000,0.0000,4074960.0000,0.9078,0.0000,0.0000,0.0000,-8.9649,-6.1896,-31.1019,-23.8400,-23.8400,0.0000,0.0000,0.0000,0.0000,0.0000,0.0000,297.5000,USD,297.5000,USD,3.6578,0.0000,152.3200,173.1656,159.3305,162.2650,Equity
HOOD,HOOD,116.4600,USD,-1.1516,-2.4623,0.0000,USD,12901300.0000,0.0000,0.0000,0.0000,22494613.3333,0.5735,0.0000,0.0000,0.0000,-6.2696,11.7015,16.1348,78.7293,-4.3685,0.0000,0.0000,0.0000,0.0000,0.0000,0.0000,153.8600,USD,153.8600,USD,5.2310,0.0000,94.5315,104.5776,115.3210,117.1430,Equity
HPE,HPE,62.6300,USD,-0.3019,-0.4925,0.0000,USD,15021800.0000,0.0000,0.0000,0.0000,23080843.3333,0.6508,0.0000,0.0000,0.0000,2.6217,20.0314,39.1896,178.5144,165.6639,0.0000,0.0000,0.0000,0.0000,0.0000,0.0000,65.6500,USD,65.6500,USD,6.2198,0.0000,35.9045,54.1693,57.7960,60.8276,Equity
HPQ,HPQ,31.3200,USD,-0.0319,0.0639,0.0000,USD,13325400.0000,0.0000,0.0000,0.0000,16156480.0000,0.8248,0.0000,0.0000,0.0000,-2.2472,3.6185,44.1403,68.0284,23.2354,0.0000,0.0000,0.0000,0.0000,0.0000,0.0000,36.2300,USD,36.3914,USD,4.8912,0.0000,23.0396,29.8287,32.4180,32.6490,Equity
HRL,HRL,19.9700,USD,0.0000,1.3191,0.0000,USD,5433400.0000,0.0000,0.0000,0.0000,5409956.6667,1.0043,0.0000,0.0000,0.0000,-1.7708,-7.4177,-18.5760,-10.9591,-14.9763,0.0000,0.0000,0.0000,0.0000,0.0000,0.0000,26.4300,USD,31.2012,USD,2.0087,0.0000,22.8744,23.0842,20.8525,20.3390,Equity
HSIC,HSIC,85.9900,USD,-0.5673,-0.4400,0.0000,USD,984300.0000,0.0000,0.0000,0.0000,1046886.6667,0.9402,0.0000,0.0000,0.0000,-1.6470,-3.9433,2.9574,18.2806,30.1695,0.0000,0.0000,0.0000,0.0000,0.0000,0.0000,92.1800,USD,92.1800,USD,2.0277,0.0000,80.0997,87.7656,87.5270,85.9740,Equity
HST,HST,22.6600,USD,0.0000,1.0705,0.0000,USD,9418300.0000,0.0000,0.0000,0.0000,8230946.6667,1.1443,0.0000,0.0000,0.0000,1.7056,1.7056,-4.4285,25.4192,39.7425,0.0000,0.0000,0.0000,0.0000,0.0000,0.0000,25.7100,USD,25.7100,USD,1.8404,0.0000,20.6738,23.0720,22.1120,22.1660,Equity
HSY,HSY,164.4100,USD,-0.1984,-1.1781,0.0000,USD,1398100.0000,0.0000,0.0000,0.0000,1304010.0000,1.0722,0.0000,0.0000,0.0000,-2.4041,-8.1765,-5.5556,-21.8091,-9.9634,0.0000,0.0000,0.0000,0.0000,0.0000,0.0000,235.7989,USD,235.7989,USD,1.8934,0.0000,189.0284,176.6537,171.3225,168.1800,Equity
HUBB,HUBB,459.0900,USD,0.7816,-1.4236,0.0000,USD,491659.0000,0.0000,0.0000,0.0000,479150.7333,1.0261,0.0000,0.0000,0.0000,-0.9942,1.3444,-6.0408,-5.8775,8.9699,0.0000,0.0000,0.0000,0.0000,0.0000,0.0000,562.0637,USD,562.0637,USD,2.4810,0.0000,485.0488,472.6020,454.7125,456.6550,Equity
HUM,HUM,389.6300,USD,-0.1257,-2.0858,0.0000,USD,1487500.0000,0.0000,0.0000,0.0000,1006760.0000,1.4775,0.0000,0.0000,0.0000,4.7392,1.0608,-1.9108,135.2706,54.4920,0.0000,0.0000,0.0000,0.0000,0.0000,0.0000,428.8800,USD,428.8800,USD,3.4085,0.0000,290.0612,386.5290,392.6560,384.5320,Equity
HWM,HWM,228.3200,USD,-0.6409,-1.7894,0.0000,USD,1818100.0000,0.0000,0.0000,0.0000,3423466.6667,0.5311,0.0000,0.0000,0.0000,1.3135,-13.7927,-15.0374,2.4849,18.4548,0.0000,0.0000,0.0000,0.0000,0.0000,0.0000,309.8502,USD,309.8502,USD,3.0378,0.0000,247.6421,262.1856,235.0440,227.9520,Equity
IBKR,IBKR,87.0800,USD,-1.6136,-2.4204,0.0000,USD,3831900.0000,0.0000,0.0000,0.0000,3875446.6667,0.9888,0.0000,0.0000,0.0000,-5.2242,-9.0580,0.1365,36.9872,32.2571,0.0000,0.0000,0.0000,0.0000,0.0000,0.0000,98.6607,USD,98.6607,USD,2.8964,0.0000,80.7234,91.1070,90.6236,89.7400,Equity
IBM,IBM,220.6700,USD,-1.3347,-2.1462,0.0000,USD,5285800.0000,0.0000,0.0000,0.0000,5322933.3333,0.9930,0.0000,0.0000,0.0000,-4.6288,-6.3330,-20.9655,-5.6317,-20.3662,0.0000,0.0000,0.0000,0.0000,0.0000,0.0000,330.0921,USD,330.0921,USD,2.6190,0.0000,254.3909,230.3457,234.3735,232.2470,Equity
ICE,ICE,152.9100,USD,-0.4083,-0.9073,0.0000,USD,2346900.0000,0.0000,0.0000,0.0000,3184736.6667,0.7369,0.0000,0.0000,0.0000,-0.0131,-5.4898,24.6190,-1.8808,-7.6215,0.0000,0.0000,0.0000,0.0000,0.0000,0.0000,174.2543,USD,186.3405,USD,2.1947,0.0000,154.1718,154.0975,156.6001,154.8050,Equity
IDXX,IDXX,529.0600,USD,-0.5257,1.8873,0.0000,USD,392000.0000,0.0000,0.0000,0.0000,496383.3333,0.7897,0.0000,0.0000,0.0000,1.4497,-4.6722,0.4977,-5.0315,-16.3171,0.0000,0.0000,0.0000,0.0000,0.0000,0.0000,769.9800,USD,769.9800,USD,2.5213,0.0000,591.5629,545.9738,521.2335,516.3010,Equity
IEX,IEX,231.1500,USD,-0.4433,0.4651,0.0000,USD,680400.0000,0.0000,0.0000,0.0000,571296.6667,1.1910,0.0000,0.0000,0.0000,2.4192,0.3778,2.1839,26.8367,45.3896,0.0000,0.0000,0.0000,0.0000,0.0000,0.0000,243.8000,USD,243.8000,USD,1.8556,0.0000,208.9353,229.1510,224.9545,225.7570,Equity
IFF,IFF,85.7200,USD,-1.3654,0.0350,0.0000,USD,1863500.0000,0.0000,0.0000,0.0000,1569600.0000,1.1872,0.0000,0.0000,0.0000,-0.0816,-2.0742,8.7171,22.0140,45.2724,0.0000,0.0000,0.0000,0.0000,0.0000,0.0000,88.8992,USD,102.2070,USD,1.7896,0.0000,75.2128,83.0045,84.8269,84.7676,Equity
ILMN,ILMN,271.9000,USD,-1.5000,0.7037,0.0000,USD,2979300.0000,0.0000,0.0000,0.0000,3317996.6667,0.8979,0.0000,0.0000,0.0000,9.8763,26.1190,54.6380,125.0641,196.5427,0.0000,0.0000,0.0000,0.0000,0.0000,0.0000,277.9500,USD,277.9500,USD,4.7621,0.0000,159.9868,212.5008,229.9680,249.3480,Equity
INCY,INCY,124.8200,USD,-0.4601,0.7507,0.0000,USD,1429400.0000,0.0000,0.0000,0.0000,1417176.6667,1.0086,0.0000,0.0000,0.0000,-1.6623,0.3618,10.1094,38.1822,50.9311,0.0000,0.0000,0.0000,0.0000,0.0000,0.0000,132.6000,USD,132.6000,USD,2.5845,0.0000,106.3972,123.3958,124.8975,124.8790,Equity
INTC,INTC,116.0300,USD,-1.8862,-5.6667,0.0000,USD,112436900.0000,0.0000,0.0000,0.0000,102665013.3333,1.0952,0.0000,0.0000,0.0000,-6.3217,29.6859,-16.9018,181.6946,226.8451,0.0000,0.0000,0.0000,0.0000,0.0000,0.0000,142.3500,USD,142.3500,USD,4.6960,0.0000,79.5795,99.4722,105.8705,115.0250,Equity
INTU,INTU,269.4000,USD,-2.0450,-2.3170,0.0000,USD,3819800.0000,0.0000,0.0000,0.0000,4022493.3333,0.9496,0.0000,0.0000,0.0000,-7.8502,-24.7612,3.6756,-36.7341,-60.9850,0.0000,0.0000,0.0000,0.0000,0.0000,0.0000,696.1396,USD,804.6604,USD,3.8273,0.0000,399.3752,324.2160,314.9920,296.9310,Equity
INVH,INVH,26.5400,USD,0.1878,-0.3005,0.0000,USD,5777700.0000,0.0000,0.0000,0.0000,4813380.0000,1.2003,0.0000,0.0000,0.0000,-1.1091,-8.2114,-11.1586,9.4607,-4.9051,0.0000,0.0000,0.0000,0.0000,0.0000,0.0000,30.5489,USD,33.6015,USD,1.5115,0.0000,27.2413,28.7315,27.3745,26.7603,Equity
IP,IP,34.0000,USD,-1.2279,-2.9126,0.0000,USD,5571100.0000,0.0000,0.0000,0.0000,4661493.3333,1.1951,0.0000,0.0000,0.0000,-4.7886,-13.5080,-9.7449,-0.2852,-21.2612,0.0000,0.0000,0.0000,0.0000,0.0000,0.0000,48.4703,USD,55.9410,USD,3.2925,0.0000,37.3565,38.4477,35.3585,34.8770,Equity
IQV,IQV,270.9700,USD,-1.4240,0.2219,0.0000,USD,1620900.0000,0.0000,0.0000,0.0000,1523303.3333,1.0641,0.0000,0.0000,0.0000,0.3258,3.5224,40.2391,63.0778,50.9078,0.0000,0.0000,0.0000,0.0000,0.0000,0.0000,277.4000,USD,277.4000,USD,2.5477,0.0000,205.0228,248.8872,266.1120,269.8540,Equity
IR,IR,76.3800,USD,-0.6441,0.3943,0.0000,USD,5599500.0000,0.0000,0.0000,0.0000,4194966.6667,1.3348,0.0000,0.0000,0.0000,3.4259,-2.7997,-6.8203,-0.6766,-7.1011,0.0000,0.0000,0.0000,0.0000,0.0000,0.0000,100.8858,USD,105.8472,USD,2.5301,0.0000,81.6531,79.7160,74.1370,73.7450,Equity
IRM,IRM,111.0500,USD,-0.4310,-0.2963,0.0000,USD,1320900.0000,0.0000,0.0000,0.0000,1555316.6667,0.8493,0.0000,0.0000,0.0000,-5.9934,-4.6739,-11.3982,15.4488,13.7288,0.0000,0.0000,0.0000,0.0000,0.0000,0.0000,133.6416,USD,133.6416,USD,2.6368,0.0000,110.2059,119.3064,113.7512,113.9160,Equity
ISRG,ISRG,414.7900,USD,0.0000,2.3718,0.0000,USD,2568500.0000,0.0000,0.0000,0.0000,2339913.3333,1.0977,0.0000,0.0000,0.0000,3.1585,11.3231,4.3025,-8.3904,-5.9689,0.0000,0.0000,0.0000,0.0000,0.0000,0.0000,603.8800,USD,616.0000,USD,2.9921,0.0000,450.1812,375.3174,381.1660,395.7850,Equity
IT,IT,185.7300,USD,-1.3890,-1.1549,0.0000,USD,896400.0000,0.0000,0.0000,0.0000,1155603.3333,0.7757,0.0000,0.0000,0.0000,3.9049,-6.3814,43.2881,16.7086,-29.6717,0.0000,0.0000,0.0000,0.0000,0.0000,0.0000,265.8500,USD,584.0100,USD,4.2306,0.0000,174.0566,178.0832,185.0270,185.4310,Equity
ITW,ITW,273.8300,USD,-0.3573,-0.1786,0.0000,USD,813600.0000,0.0000,0.0000,0.0000,1136620.0000,0.7158,0.0000,0.0000,0.0000,1.2423,-2.2385,1.2423,8.2128,7.5509,0.0000,0.0000,0.0000,0.0000,0.0000,0.0000,301.9200,USD,301.9200,USD,1.6814,0.0000,266.7599,279.6906,269.7805,270.4420,Equity
IVZ,IVZ,30.4300,USD,-1.1643,-1.5847,0.0000,USD,5481100.0000,0.0000,0.0000,0.0000,4039576.6667,1.3569,0.0000,0.0000,0.0000,-1.3614,-7.3950,16.0801,32.5586,38.1911,0.0000,0.0000,0.0000,0.0000,0.0000,0.0000,33.6600,USD,33.6600,USD,2.8034,0.0000,27.4386,31.2877,31.4515,30.6610,Equity
J,J,138.3700,USD,-0.7010,0.0000,0.0000,USD,968000.0000,0.0000,0.0000,0.0000,816653.3333,1.1853,0.0000,0.0000,0.0000,-3.3189,-8.9551,10.0853,11.4958,-5.4212,0.0000,0.0000,0.0000,0.0000,0.0000,0.0000,166.6644,USD,166.6644,USD,2.3607,0.0000,132.4841,142.4942,143.2365,141.6030,Equity
JBHT,JBHT,226.0700,USD,-0.3681,0.2706,0.0000,USD,958300.0000,0.0000,0.0000,0.0000,1057090.0000,0.9065,0.0000,0.0000,0.0000,-4.7765,-13.3931,-21.7596,10.7940,69.5079,0.0000,0.0000,0.0000,0.0000,0.0000,0.0000,299.2553,USD,299.2553,USD,2.9053,0.0000,242.2069,265.6003,252.3895,236.9720,Equity
JBL,JBL,318.9300,USD,1.0198,0.6914,0.0000,USD,1752400.0000,0.0000,0.0000,0.0000,1064463.3333,1.6463,0.0000,0.0000,0.0000,3.2203,5.7986,-17.2463,28.9280,47.9326,0.0000,0.0000,0.0000,0.0000,0.0000,0.0000,428.8373,USD,428.8373,USD,3.3645,0.0000,300.0418,317.9351,306.0070,305.6560,Equity
JCI,JCI,148.8900,USD,-0.3462,-0.8722,0.0000,USD,3085500.0000,0.0000,0.0000,0.0000,3162103.3333,0.9758,0.0000,0.0000,0.0000,1.6730,6.9610,2.1880,18.2809,40.3434,0.0000,0.0000,0.0000,0.0000,0.0000,0.0000,156.6215,USD,156.6215,USD,2.0612,0.0000,136.2045,144.8471,143.0654,144.3498,Equity
JKHY,JKHY,147.8200,USD,-0.2030,0.0203,0.0000,USD,910800.0000,0.0000,0.0000,0.0000,1079970.0000,0.8434,0.0000,0.0000,0.0000,-0.8585,-12.5921,7.7084,-4.7342,0.4590,0.0000,0.0000,0.0000,0.0000,0.0000,0.0000,191.1324,USD,191.7624,USD,2.6882,0.0000,157.3730,157.4004,157.8239,151.6460,Equity
JNJ,JNJ,271.9500,USD,-0.3871,0.2692,0.0000,USD,7185600.0000,0.0000,0.0000,0.0000,6413266.6667,1.1204,0.0000,0.0000,0.0000,1.0253,1.4587,7.6077,13.3502,54.7374,0.0000,0.0000,0.0000,0.0000,0.0000,0.0000,281.0700,USD,281.0700,USD,1.7849,0.0000,238.6355,264.6808,269.8365,269.6370,Equity
JPM,JPM,336.5900,USD,-0.3585,-1.8860,0.0000,USD,10483700.0000,0.0000,0.0000,0.0000,7225593.3333,1.4509,0.0000,0.0000,0.0000,-1.0029,-5.8805,3.2922,19.7578,8.5329,0.0000,0.0000,0.0000,0.0000,0.0000,0.0000,366.5000,USD,366.5000,USD,1.9234,0.0000,319.7436,353.2536,350.2100,344.8170,Equity
KDP,KDP,31.4600,USD,-0.5359,-0.8197,0.0000,USD,9923500.0000,0.0000,0.0000,0.0000,9721973.3333,1.0207,0.0000,0.0000,0.0000,0.5653,-1.5285,-3.1833,20.6572,27.3030,0.0000,0.0000,0.0000,0.0000,0.0000,0.0000,33.5765,USD,35.5704,USD,2.2046,0.0000,28.9517,30.9891,31.5194,31.1827,Equity
KEY,KEY,20.4000,USD,-0.2426,-1.0189,0.0000,USD,18479400.0000,0.0000,0.0000,0.0000,13174616.6667,1.4027,0.0000,0.0000,0.0000,-0.3906,-6.0001,-10.6491,7.2133,12.4360,0.0000,0.0000,0.0000,0.0000,0.0000,0.0000,23.8417,USD,23.8417,USD,2.0066,0.0000,21.2545,21.9197,21.2383,20.7030,Equity
KEYS,KEYS,359.7400,USD,-0.2927,-0.6655,0.0000,USD,862600.0000,0.0000,0.0000,0.0000,1337820.0000,0.6448,0.0000,0.0000,0.0000,3.5759,12.4293,2.7623,33.5288,107.5343,0.0000,0.0000,0.0000,0.0000,0.0000,0.0000,374.9630,USD,374.9630,USD,2.6262,0.0000,299.3308,330.3398,334.0520,342.3980,Equity
KHC,KHC,23.5600,USD,-0.2116,-0.2962,0.0000,USD,9703900.0000,0.0000,0.0000,0.0000,19932346.6667,0.4868,0.0000,0.0000,0.0000,-1.8333,-6.8613,1.3406,9.0890,-3.3670,0.0000,0.0000,0.0000,0.0000,0.0000,0.0000,27.6480,USD,32.1659,USD,2.3932,0.0000,23.2721,24.9607,24.5523,24.1830,Equity
KIM,KIM,22.4900,USD,0.0446,0.2228,0.0000,USD,5311000.0000,0.0000,0.0000,0.0000,5163396.6667,1.0286,0.0000,0.0000,0.0000,-0.2661,-4.3045,-10.2312,3.0712,9.1416,0.0000,0.0000,0.0000,0.0000,0.0000,0.0000,26.3380,USD,26.3380,USD,1.4551,0.0000,22.7677,23.9543,23.0249,22.5160,Equity
KKR,KKR,93.2400,USD,-1.3758,-3.5482,0.0000,USD,6004900.0000,0.0000,0.0000,0.0000,3741060.0000,1.6051,0.0000,0.0000,0.0000,-5.2824,-14.2068,1.7838,3.5862,-29.9187,0.0000,0.0000,0.0000,0.0000,0.0000,0.0000,144.0198,USD,168.4777,USD,2.9996,0.0000,103.5958,103.6594,101.4980,97.5870,Equity
KLAC,KLAC,189.1700,USD,-0.6439,0.6652,0.0000,USD,8704400.0000,0.0000,0.0000,0.0000,9401420.0000,0.9259,0.0000,0.0000,0.0000,0.4514,7.7646,-37.2298,37.1534,78.7018,0.0000,0.0000,0.0000,0.0000,0.0000,0.0000,307.0230,USD,307.0230,USD,3.7935,0.0000,175.9563,188.3271,179.0820,180.5700,Equity
KMB,KMB,98.7700,USD,-0.4369,0.3454,0.0000,USD,3334800.0000,0.0000,0.0000,0.0000,4144966.6667,0.8045,0.0000,0.0000,0.0000,-0.1415,-8.7584,-8.9412,5.1667,-15.0566,0.0000,0.0000,0.0000,0.0000,0.0000,0.0000,119.2169,USD,140.4072,USD,1.8983,0.0000,100.4552,105.2780,100.5527,98.1600,Equity
KMI,KMI,30.6300,USD,0.0650,-0.3902,0.0000,USD,10418900.0000,0.0000,0.0000,0.0000,12379043.3333,0.8417,0.0000,0.0000,0.0000,-2.0467,-2.9468,-3.2959,-7.2745,12.9434,0.0000,0.0000,0.0000,0.0000,0.0000,0.0000,34.4876,USD,34.4876,USD,2.1980,0.0000,30.9680,31.5743,31.3555,31.1640,Equity
KO,KO,87.1800,USD,-0.2278,-0.7175,0.0000,USD,14493300.0000,0.0000,0.0000,0.0000,15243723.3333,0.9508,0.0000,0.0000,0.0000,-1.6138,-2.1858,7.9122,15.7289,36.2838,0.0000,0.0000,0.0000,0.0000,0.0000,0.0000,91.9414,USD,91.9414,USD,1.2876,0.0000,78.7797,87.1788,87.8866,87.9800,Equity
KR,KR,59.6900,USD,0.4767,1.6173,0.0000,USD,12358300.0000,0.0000,0.0000,0.0000,7320113.3333,1.6883,0.0000,0.0000,0.0000,1.9296,3.4130,8.2290,-18.0465,-6.7476,0.0000,0.0000,0.0000,0.0000,0.0000,0.0000,75.6596,USD,75.6596,USD,2.6327,0.0000,62.9404,57.8544,58.9085,59.7380,Equity
KVUE,KVUE,17.8800,USD,-0.3933,0.4494,0.0000,USD,16029400.0000,0.0000,0.0000,0.0000,24855370.0000,0.6449,0.0000,0.0000,0.0000,0.1120,-5.6164,-4.2647,7.3983,15.4934,0.0000,0.0000,0.0000,0.0000,0.0000,0.0000,19.6734,USD,23.3022,USD,1.6257,0.0000,17.5132,18.4937,17.9489,17.7078,Equity
L,L,104.9500,USD,0.0000,0.1240,0.0000,USD,859500.0000,0.0000,0.0000,0.0000,897906.6667,0.9572,0.0000,0.0000,0.0000,-0.9064,-4.3474,-7.2442,-0.7186,4.8768,0.0000,0.0000,0.0000,0.0000,0.0000,0.0000,120.9422,USD,120.9422,USD,1.4038,0.0000,108.8642,111.5164,107.7975,106.6670,Equity
LDOS,LDOS,122.3500,USD,-0.5016,-1.0193,0.0000,USD,961200.0000,0.0000,0.0000,0.0000,1219450.0000,0.7882,0.0000,0.0000,0.0000,-0.7785,-12.7347,19.2069,-20.1109,-33.0628,0.0000,0.0000,0.0000,0.0000,0.0000,0.0000,203.4144,USD,203.4144,USD,2.8503,0.0000,147.6087,129.0403,129.2842,126.2780,Equity
LEN,LEN,82.0300,USD,-0.4139,-0.1461,0.0000,USD,6782000.0000,0.0000,0.0000,0.0000,4059996.6667,1.6704,0.0000,0.0000,0.0000,-1.2401,-4.9809,-8.8085,-2.2660,-33.6070,0.0000,0.0000,0.0000,0.0000,0.0000,0.0000,131.6782,USD,177.7016,USD,2.9103,0.0000,94.2615,83.7688,80.9980,80.2870,Equity
LH,LH,309.5700,USD,-0.9010,-0.0226,0.0000,USD,774500.0000,0.0000,0.0000,0.0000,774000.0000,1.0006,0.0000,0.0000,0.0000,-0.6323,-7.6214,10.7978,18.0100,11.4362,0.0000,0.0000,0.0000,0.0000,0.0000,0.0000,341.0687,USD,341.0687,USD,2.5208,0.0000,278.3449,317.0273,319.3340,315.6590,Equity
LHX,LHX,237.7000,USD,-0.2903,0.0042,0.0000,USD,1997200.0000,0.0000,0.0000,0.0000,1710283.3333,1.1678,0.0000,0.0000,0.0000,-0.9129,-9.1245,-17.8090,-29.4541,-17.6850,0.0000,0.0000,0.0000,0.0000,0.0000,0.0000,374.5939,USD,374.5939,USD,2.2028,0.0000,309.0861,268.1327,249.5644,243.7610,Equity
LII,LII,368.4100,USD,-0.9418,-1.4340,0.0000,USD,461700.0000,0.0000,0.0000,0.0000,473130.0000,0.9758,0.0000,0.0000,0.0000,-0.8798,-6.3499,-35.6995,-16.5798,-28.6730,0.0000,0.0000,0.0000,0.0000,0.0000,0.0000,587.2700,USD,682.2652,USD,2.7679,0.0000,487.9977,416.1234,371.7395,365.9160,Equity
LIN,LIN,472.0400,USD,-0.5342,0.4576,0.0000,USD,1868800.0000,0.0000,0.0000,0.0000,1993443.3333,0.9375,0.0000,0.0000,0.0000,1.5336,-3.2513,-8.7381,-4.8407,0.8502,0.0000,0.0000,0.0000,0.0000,0.0000,0.0000,546.4006,USD,546.4006,USD,1.5102,0.0000,482.0669,482.1896,469.6078,464.6130,Equity
LITE,LITE,921.3200,USD,0.6531,-2.1590,0.0000,USD,4461500.0000,0.0000,0.0000,0.0000,4390306.6667,1.0162,0.0000,0.0000,0.0000,-2.5749,2.9408,7.3724,40.7047,473.1384,0.0000,0.0000,0.0000,0.0000,0.0000,0.0000,1085.6801,USD,1085.6801,USD,6.0764,0.0000,732.0339,862.8355,913.0120,921.2050,Equity
LLY,LLY,1184.7800,USD,-0.2670,0.1115,0.0000,USD,1971200.0000,0.0000,0.0000,0.0000,2411933.3333,0.8173,0.0000,0.0000,0.0000,1.2511,0.8658,-1.0799,34.0492,64.5530,0.0000,0.0000,0.0000,0.0000,0.0000,0.0000,1292.6500,USD,1292.6500,USD,2.3693,0.0000,1068.5325,1176.8822,1151.3160,1161.5450,Equity
LMT,LMT,518.1000,USD,-0.1078,-0.2810,0.0000,USD,1076200.0000,0.0000,0.0000,0.0000,1136590.0000,0.9469,0.0000,0.0000,0.0000,-0.8117,-7.5455,2.3249,-12.3382,9.0365,0.0000,0.0000,0.0000,0.0000,0.0000,0.0000,683.2731,USD,683.2731,USD,2.3198,0.0000,556.1418,555.3063,531.1160,528.5960,Equity
LNT,LNT,63.2100,USD,-0.2516,-0.6132,0.0000,USD,4040400.0000,0.0000,0.0000,0.0000,2212223.3333,1.8264,0.0000,0.0000,0.0000,-2.1820,-7.0851,-16.5151,-10.2427,-1.3536,0.0000,0.0000,0.0000,0.0000,0.0000,0.0000,78.2152,USD,78.2152,USD,1.5000,0.0000,69.5640,68.8136,66.2630,64.7750,Equity
LOW,LOW,187.6600,USD,-1.1253,-0.8559,0.0000,USD,4121800.0000,0.0000,0.0000,0.0000,3350946.6667,1.2300,0.0000,0.0000,0.0000,-4.2942,-9.8005,-14.3636,-18.4254,-25.5152,0.0000,0.0000,0.0000,0.0000,0.0000,0.0000,289.8686,USD,289.8686,USD,2.0223,0.0000,231.0614,206.6075,196.0580,191.9240,Equity
LRCX,LRCX,314.4700,USD,-0.4219,-0.2348,0.0000,USD,9178800.0000,0.0000,0.0000,0.0000,8712443.3333,1.0535,0.0000,0.0000,0.0000,1.2362,4.2743,-27.3523,57.5681,146.1798,0.0000,0.0000,0.0000,0.0000,0.0000,0.0000,438.0347,USD,438.0347,USD,3.8486,0.0000,271.2127,304.3104,296.8098,295.3065,Equity
LULU,LULU,100.5800,USD,-1.5005,-0.7108,0.0000,USD,4602000.0000,0.0000,0.0000,0.0000,6575583.3333,0.6999,0.0000,0.0000,0.0000,-3.0367,-16.7453,-11.9110,-31.0293,-42.9495,0.0000,0.0000,0.0000,0.0000,0.0000,0.0000,225.9800,USD,423.3200,USD,3.8266,0.0000,146.9674,113.4130,104.1200,100.2630,Equity
LUV,LUV,42.2800,USD,-2.6710,-0.9372,0.0000,USD,5968600.0000,0.0000,0.0000,0.0000,5525223.3333,1.0802,0.0000,0.0000,0.0000,0.4753,7.1595,-17.3901,17.5627,32.2919,0.0000,0.0000,0.0000,0.0000,0.0000,0.0000,54.3797,USD,54.3797,USD,2.8256,0.0000,43.1226,42.5140,39.9292,41.1150,Equity
LVS,LVS,38.7800,USD,-0.3078,-0.5386,0.0000,USD,3766000.0000,0.0000,0.0000,0.0000,5364050.0000,0.7021,0.0000,0.0000,0.0000,-2.3174,-13.8988,-15.5063,-23.9544,-26.6432,0.0000,0.0000,0.0000,0.0000,0.0000,0.0000,69.2368,USD,69.2368,USD,2.4457,0.0000,51.7928,44.4709,41.7380,39.8550,Equity
LYB,LYB,58.2700,USD,1.0320,0.2236,0.0000,USD,3192400.0000,0.0000,0.0000,0.0000,3632590.0000,0.8788,0.0000,0.0000,0.0000,-1.6374,-8.4812,11.8168,-27.7891,25.2615,0.0000,0.0000,0.0000,0.0000,0.0000,0.0000,82.2222,USD,84.4305,USD,3.0664,0.0000,60.6839,62.2792,62.8745,61.2550,Equity
LYV,LYV,171.8900,USD,0.0117,0.5969,0.0000,USD,2205800.0000,0.0000,0.0000,0.0000,1864056.6667,1.1833,0.0000,0.0000,0.0000,1.2070,-5.3730,-6.1275,15.6029,6.2427,0.0000,0.0000,0.0000,0.0000,0.0000,0.0000,189.2500,USD,189.2500,USD,2.2587,0.0000,163.2432,177.9718,171.9265,169.8700,Equity
MA,MA,568.2600,USD,-0.2413,0.1075,0.0000,USD,3217000.0000,0.0000,0.0000,0.0000,2741780.0000,1.1733,0.0000,0.0000,0.0000,2.2253,-4.5422,10.8280,15.4232,1.1805,0.0000,0.0000,0.0000,0.0000,0.0000,0.0000,601.2300,USD,601.2300,USD,1.4650,0.0000,531.2211,569.3160,571.4140,565.7440,Equity
MAA,MAA,118.3400,USD,0.1521,-0.0085,0.0000,USD,1449400.0000,0.0000,0.0000,0.0000,1034846.6667,1.4006,0.0000,0.0000,0.0000,-0.6798,-8.6953,-13.8404,-0.4456,-11.1861,0.0000,0.0000,0.0000,0.0000,0.0000,0.0000,142.7572,USD,162.2978,USD,1.6371,0.0000,129.4036,129.0312,123.5085,119.6230,Equity
MAR,MAR,358.5700,USD,-0.0227,1.8578,0.0000,USD,1713300.0000,0.0000,0.0000,0.0000,1558860.0000,1.0991,0.0000,0.0000,0.0000,3.0196,2.1334,-3.0468,12.7456,36.8441,0.0000,0.0000,0.0000,0.0000,0.0000,0.0000,410.1465,USD,410.1465,USD,2.1803,0.0000,347.0331,352.3164,339.8090,344.9620,Equity
MAS,MAS,68.3600,USD,-1.2346,-0.7117,0.0000,USD,2705200.0000,0.0000,0.0000,0.0000,2173076.6667,1.2449,0.0000,0.0000,0.0000,-2.2870,-6.6758,-15.6203,17.7279,-1.1478,0.0000,0.0000,0.0000,0.0000,0.0000,0.0000,83.2748,USD,83.6711,USD,2.4322,0.0000,69.5298,72.7646,69.3590,68.3830,Equity
MCD,MCD,233.6000,USD,-0.3214,-1.2262,0.0000,USD,5365000.0000,0.0000,0.0000,0.0000,5326076.6667,1.0073,0.0000,0.0000,0.0000,-6.6906,-11.2225,-12.9664,-23.2308,-21.5016,0.0000,0.0000,0.0000,0.0000,0.0000,0.0000,335.1797,USD,335.1797,USD,1.7140,0.0000,287.8658,260.6552,250.6575,244.1730,Equity
MCHP,MCHP,77.9700,USD,-1.3216,-0.9150,0.0000,USD,9394800.0000,0.0000,0.0000,0.0000,8426280.0000,1.1149,0.0000,0.0000,0.0000,2.8357,6.9107,-13.9922,31.2567,24.2040,0.0000,0.0000,0.0000,0.0000,0.0000,0.0000,104.7509,USD,104.7509,USD,3.0746,0.0000,77.9361,75.8381,73.5600,74.2650,Equity
MCK,MCK,856.2900,USD,-0.1869,-1.1943,0.0000,USD,550000.0000,0.0000,0.0000,0.0000,912470.0000,0.6028,0.0000,0.0000,0.0000,-3.9204,-4.0509,13.4463,-0.2374,13.0315,0.0000,0.0000,0.0000,0.0000,0.0000,0.0000,996.8371,USD,996.8371,USD,2.1972,0.0000,844.5974,873.0966,889.5490,879.1560,Equity
MCO,MCO,460.0800,USD,-1.2417,-1.8391,0.0000,USD,751900.0000,0.0000,0.0000,0.0000,705076.6667,1.0664,0.0000,0.0000,0.0000,-1.9542,-10.6554,1.7955,6.9673,-2.6575,0.0000,0.0000,0.0000,0.0000,0.0000,0.0000,543.2535,USD,543.2535,USD,2.0264,0.0000,470.2387,483.7944,476.6320,466.9380,Equity
MDLZ,MDLZ,60.1800,USD,-0.1494,-0.1162,0.0000,USD,7262700.0000,0.0000,0.0000,0.0000,7648996.6667,0.9495,0.0000,0.0000,0.0000,-1.4735,-3.4958,4.0456,5.0813,-1.7195,0.0000,0.0000,0.0000,0.0000,0.0000,0.0000,66.6500,USD,70.3108,USD,1.8493,0.0000,58.9641,62.0822,61.5770,61.1330,Equity
MDT,MDT,89.5000,USD,-0.3610,0.9702,0.0000,USD,22548000.0000,0.0000,0.0000,0.0000,9413686.6667,2.3952,0.0000,0.0000,0.0000,-0.5905,-1.0917,15.3445,6.1910,-1.8611,0.0000,0.0000,0.0000,0.0000,0.0000,0.0000,102.9188,USD,102.9188,USD,2.2872,0.0000,87.3405,88.8880,90.9531,90.3769,Equity
MET,MET,95.8200,USD,-0.1945,-1.9243,0.0000,USD,3241800.0000,0.0000,0.0000,0.0000,3044483.3333,1.0648,0.0000,0.0000,0.0000,-0.1043,-0.7150,13.9506,42.3062,20.7490,0.0000,0.0000,0.0000,0.0000,0.0000,0.0000,100.9300,USD,100.9300,USD,1.9135,0.0000,82.6911,96.1854,96.8045,97.0370,Equity
META,META,715.6200,USD,-0.2155,-4.7947,0.0000,USD,27943100.0000,0.0000,0.0000,0.0000,21499453.3333,1.2997,0.0000,0.0000,0.0000,-2.8482,23.9031,27.1432,33.6456,-3.4558,0.0000,0.0000,0.0000,0.0000,0.0000,0.0000,779.8200,USD,793.0230,USD,3.6727,0.0000,625.7290,616.7224,667.3891,715.6307,Equity
MGM,MGM,31.8600,USD,0.3376,-2.2099,0.0000,USD,9359100.0000,0.0000,0.0000,0.0000,3451950.0000,2.7113,0.0000,0.0000,0.0000,-18.0977,-24.6452,-33.3612,-10.5559,-10.5056,0.0000,0.0000,0.0000,0.0000,0.0000,0.0000,51.5900,USD,51.5900,USD,2.6917,0.0000,39.8785,42.1642,38.7555,36.7340,Equity
MKC,MKC,48.4600,USD,-0.2294,1.0847,0.0000,USD,3165700.0000,0.0000,0.0000,0.0000,2967536.6667,1.0668,0.0000,0.0000,0.0000,-1.9425,-12.4164,-3.0164,-8.1627,-23.8579,0.0000,0.0000,0.0000,0.0000,0.0000,0.0000,71.1257,USD,82.5524,USD,2.3046,0.0000,55.2848,52.1458,50.6545,48.9960,Equity
MLM,MLM,490.7700,USD,-0.6731,1.3359,0.0000,USD,803800.0000,0.0000,0.0000,0.0000,799530.0000,1.0053,0.0000,0.0000,0.0000,-1.7163,-7.4351,-14.7623,-14.1746,-19.5864,0.0000,0.0000,0.0000,0.0000,0.0000,0.0000,707.9362,USD,707.9362,USD,2.6003,0.0000,590.8314,526.7849,501.2580,493.3280,Equity
MMM,MMM,169.4800,USD,-0.7490,-0.0413,0.0000,USD,3800200.0000,0.0000,0.0000,0.0000,2858860.0000,1.3293,0.0000,0.0000,0.0000,0.1063,-2.7877,5.1337,20.0549,12.9563,0.0000,0.0000,0.0000,0.0000,0.0000,0.0000,184.0941,USD,184.0941,USD,1.8881,0.0000,159.4733,173.2396,166.9250,166.9040,Equity
MNST,MNST,41.8600,USD,-2.4124,-2.8996,0.0000,USD,14859500.0000,0.0000,0.0000,0.0000,10027103.3333,1.4819,0.0000,0.0000,0.0000,-5.4439,-10.6701,-12.9005,17.3864,28.1298,0.0000,0.0000,0.0000,0.0000,0.0000,0.0000,50.1700,USD,50.1700,USD,2.0361,0.0000,42.2927,45.9068,43.9075,43.8240,Equity
MO,MO,69.1300,USD,0.2616,0.4504,0.0000,USD,5973600.0000,0.0000,0.0000,0.0000,8497613.3333,0.7030,0.0000,0.0000,0.0000,0.7139,2.3075,-2.3849,6.3629,12.3198,0.0000,0.0000,0.0000,0.0000,0.0000,0.0000,75.8486,USD,75.8486,USD,1.7112,0.0000,65.1679,67.9967,68.5823,69.2080,Equity
MOS,MOS,22.2500,USD,-1.0865,-3.3029,0.0000,USD,6946400.0000,0.0000,0.0000,0.0000,8391790.0000,0.8278,0.0000,0.0000,0.0000,-10.0283,-4.9223,5.8912,-9.3342,-34.6908,0.0000,0.0000,0.0000,0.0000,0.0000,0.0000,34.7246,USD,36.6256,USD,4.4258,0.0000,24.1583,23.4646,24.7570,24.2240,Equity
MPC,MPC,389.4400,USD,0.6302,-1.0368,0.0000,USD,2669700.0000,0.0000,0.0000,0.0000,2901896.6667,0.9200,0.0000,0.0000,0.0000,-0.0616,5.5879,52.7384,59.8942,99.2777,0.0000,0.0000,0.0000,0.0000,0.0000,0.0000,431.0800,USD,431.0800,USD,3.7240,0.0000,256.1244,357.7274,396.3950,402.5960,Equity
MPWR,MPWR,1351.2000,USD,-1.0458,-1.1869,0.0000,USD,659400.0000,0.0000,0.0000,0.0000,698276.6667,0.9443,0.0000,0.0000,0.0000,-2.1309,7.5573,-2.2541,35.2802,53.3046,0.0000,0.0000,0.0000,0.0000,0.0000,0.0000,1711.4785,USD,1711.4785,USD,3.6172,0.0000,1272.8537,1304.6082,1244.1015,1274.5400,Equity
MRK,MRK,148.6900,USD,-0.7595,-0.0605,0.0000,USD,7701000.0000,0.0000,0.0000,0.0000,11169910.0000,0.6894,0.0000,0.0000,0.0000,-1.4711,0.8208,16.3951,27.5557,94.8270,0.0000,0.0000,0.0000,0.0000,0.0000,0.0000,155.9992,USD,155.9992,USD,2.0987,0.0000,120.4692,140.1542,147.4688,147.6660,Equity
MRNA,MRNA,197.2800,USD,-1.8730,-0.8045,0.0000,USD,13359600.0000,0.0000,0.0000,0.0000,28458600.0000,0.4694,0.0000,0.0000,0.0000,8.0631,42.9669,181.7078,309.0400,705.5533,0.0000,0.0000,0.0000,0.0000,0.0000,0.0000,202.6700,USD,202.6700,USD,7.3738,0.0000,65.1011,112.8190,158.6575,173.0090,Equity
MRSH,MRSH,169.0300,USD,0.0292,-1.2214,0.0000,USD,1919400.0000,0.0000,0.0000,0.0000,2499766.6667,0.7678,0.0000,0.0000,0.0000,-0.5764,-12.2560,1.9897,-2.2087,-13.5600,0.0000,0.0000,0.0000,0.0000,0.0000,0.0000,204.5645,USD,241.9694,USD,1.9051,0.0000,176.1476,184.4573,178.0355,172.9300,Equity
MRVL,MRVL,251.9000,USD,-0.8742,-3.8329,0.0000,USD,16916400.0000,0.0000,0.0000,0.0000,22092260.0000,0.7657,0.0000,0.0000,0.0000,-3.9869,16.2866,-15.4177,187.0838,203.5189,0.0000,0.0000,0.0000,0.0000,0.0000,0.0000,329.7986,USD,329.7986,USD,4.5571,0.0000,163.2779,221.8340,234.6530,248.9850,Equity
MS,MS,193.6400,USD,-0.2241,-1.3601,0.0000,USD,4357200.0000,0.0000,0.0000,0.0000,4608650.0000,0.9454,0.0000,0.0000,0.0000,-3.2671,-9.8384,-6.8571,23.6044,23.6835,0.0000,0.0000,0.0000,0.0000,0.0000,0.0000,230.9785,USD,230.9785,USD,2.3663,0.0000,192.2234,211.2677,207.1010,200.5760,Equity
MSCI,MSCI,542.7200,USD,-0.7908,-1.5670,0.0000,USD,602000.0000,0.0000,0.0000,0.0000,533696.6667,1.1280,0.0000,0.0000,0.0000,-1.1223,-4.9128,-2.7461,2.7728,-2.6369,0.0000,0.0000,0.0000,0.0000,0.0000,0.0000,642.4723,USD,642.4723,USD,2.1355,0.0000,569.6394,562.7918,555.2535,550.1260,Equity
MSFT,MSFT,509.2200,USD,-2.0730,-1.3465,0.0000,USD,19626900.0000,0.0000,0.0000,0.0000,21943970.0000,0.8944,0.0000,0.0000,0.0000,2.2530,-0.8393,36.7698,42.4347,0.3812,0.0000,0.0000,0.0000,0.0000,0.0000,0.0000,549.2013,USD,550.0131,USD,2.0394,0.0000,430.7113,477.7269,499.8250,500.2470,Equity
MSI,MSI,452.0800,USD,-0.6435,-1.0506,0.0000,USD,614800.0000,0.0000,0.0000,0.0000,962546.6667,0.6387,0.0000,0.0000,0.0000,-1.0116,-6.7389,9.1404,6.5203,0.1765,0.0000,0.0000,0.0000,0.0000,0.0000,0.0000,493.5737,USD,497.0669,USD,1.8857,0.0000,427.1331,457.0736,464.9889,458.9180,Equity
MTB,MTB,220.4400,USD,-0.0678,-0.3391,0.0000,USD,802900.0000,0.0000,0.0000,0.0000,1043310.0000,0.7696,0.0000,0.0000,0.0000,-1.3338,-6.5015,-6.7844,11.0790,13.2990,0.0000,0.0000,0.0000,0.0000,0.0000,0.0000,254.3089,USD,254.3089,USD,1.9059,0.0000,221.0934,240.1189,230.9125,224.5300,Equity
MTD,MTD,1545.2600,USD,-1.4997,2.2241,0.0000,USD,185000.0000,0.0000,0.0000,0.0000,208813.3333,0.8860,0.0000,0.0000,0.0000,3.6559,10.4878,20.9587,23.8259,28.2980,0.0000,0.0000,0.0000,0.0000,0.0000,0.0000,1545.4500,USD,1545.4500,USD,2.9769,0.0000,1316.6935,1391.9562,1391.3750,1450.1440,Equity
MU,MU,1053.9800,USD,-0.5821,-2.6149,0.0000,USD,22227200.0000,0.0000,0.0000,0.0000,25458396.6667,0.8731,0.0000,0.0000,0.0000,-3.8480,12.9837,-8.6762,227.5768,571.2480,0.0000,0.0000,0.0000,0.0000,0.0000,0.0000,1254.8070,USD,1254.8070,USD,3.8710,0.0000,664.9839,945.7158,1000.1985,1027.6240,Equity
NCLH,NCLH,14.3100,USD,-1.0951,-2.0534,0.0000,USD,23498200.0000,0.0000,0.0000,0.0000,16898136.6667,1.3906,0.0000,0.0000,0.0000,0.6329,-14.0540,-32.2122,-18.9235,-42.8514,0.0000,0.0000,0.0000,0.0000,0.0000,0.0000,26.0900,USD,29.2900,USD,3.5907,0.0000,19.5558,17.1358,14.7860,14.3070,Equity
NDAQ,NDAQ,92.6200,USD,-0.3421,-0.9941,0.0000,USD,4172700.0000,0.0000,0.0000,0.0000,3066026.6667,1.3609,0.0000,0.0000,0.0000,-1.9894,-6.4212,17.9055,11.6696,7.2362,0.0000,0.0000,0.0000,0.0000,0.0000,0.0000,100.7654,USD,100.7654,USD,2.2364,0.0000,90.1079,94.6288,93.8545,92.8190,Equity
NDSN,NDSN,331.3200,USD,-0.4052,1.7037,0.0000,USD,370700.0000,0.0000,0.0000,0.0000,419230.0000,0.8842,0.0000,0.0000,0.0000,3.6444,2.3799,10.1512,30.0971,47.7731,0.0000,0.0000,0.0000,0.0000,0.0000,0.0000,338.1046,USD,338.1046,USD,1.7436,0.0000,283.6909,311.5158,316.0147,317.7370,Equity
NEE,NEE,75.4900,USD,-0.0657,-0.7755,0.0000,USD,13927600.0000,0.0000,0.0000,0.0000,11538893.3333,1.2070,0.0000,0.0000,0.0000,-4.7565,-7.7590,-13.3443,-16.7683,2.3856,0.0000,0.0000,0.0000,0.0000,0.0000,0.0000,97.3003,USD,97.3003,USD,1.5103,0.0000,86.3846,83.6968,80.7505,78.6290,Equity
NEM,NEM,116.0500,USD,-4.8670,-4.4305,0.0000,USD,6866300.0000,0.0000,0.0000,0.0000,7772453.3333,0.8834,0.0000,0.0000,0.0000,-8.8087,-9.1330,24.5092,13.0364,37.4058,0.0000,0.0000,0.0000,0.0000,0.0000,0.0000,135.0090,USD,135.0090,USD,2.7347,0.0000,110.7249,115.8719,124.4902,122.6390,Equity
NFLX,NFLX,69.2300,USD,0.5622,-2.6985,0.0000,USD,43366300.0000,0.0000,0.0000,0.0000,31397020.0000,1.3812,0.0000,0.0000,0.0000,-4.0604,-15.2839,-3.0392,-25.5351,-42.8139,0.0000,0.0000,0.0000,0.0000,0.0000,0.0000,124.8600,USD,134.1150,USD,2.5301,0.0000,84.5753,75.5426,76.1215,73.0390,Equity
NI,NI,39.1000,USD,-0.1015,-0.8118,0.0000,USD,6001400.0000,0.0000,0.0000,0.0000,5498970.0000,1.0914,0.0000,0.0000,0.0000,-1.9559,-3.6234,-17.2198,-14.8201,-5.6914,0.0000,0.0000,0.0000,0.0000,0.0000,0.0000,48.8824,USD,48.8824,USD,1.4759,0.0000,44.4631,42.1653,40.6790,40.0030,Equity
NKE,NKE,36.3900,USD,-0.8112,1.7902,0.0000,USD,34518600.0000,0.0000,0.0000,0.0000,32323556.6667,1.0679,0.0000,0.0000,0.0000,0.8033,-7.1312,-10.4116,-27.5857,-45.7656,0.0000,0.0000,0.0000,0.0000,0.0000,0.0000,74.5132,USD,84.9992,USD,2.3629,0.0000,48.4825,39.2669,36.9175,36.0250,Equity
NOC,NOC,505.8000,USD,-0.2879,-0.9245,0.0000,USD,557500.0000,0.0000,0.0000,0.0000,779103.3333,0.7156,0.0000,0.0000,0.0000,-0.7963,-6.8680,-0.2375,-24.0107,-13.5359,0.0000,0.0000,0.0000,0.0000,0.0000,0.0000,767.1196,USD,767.1196,USD,2.1758,0.0000,595.2704,539.5555,521.4385,518.9660,Equity
NOW,NOW,131.4500,USD,-4.2914,-3.0748,0.0000,USD,11936000.0000,0.0000,0.0000,0.0000,15162626.6667,0.7872,0.0000,0.0000,0.0000,-4.0511,-9.1632,32.4033,25.2263,-29.7810,0.0000,0.0000,0.0000,0.0000,0.0000,0.0000,192.9660,USD,239.6180,USD,3.8551,0.0000,116.4343,126.3508,138.0900,137.5970,Equity
NRG,NRG,97.0000,USD,-0.4882,-3.3576,0.0000,USD,2852400.0000,0.0000,0.0000,0.0000,2746866.6667,1.0384,0.0000,0.0000,0.0000,-5.5961,-12.7070,-33.3532,-30.8628,-41.7461,0.0000,0.0000,0.0000,0.0000,0.0000,0.0000,188.7102,USD,188.7102,USD,3.3593,0.0000,141.4936,117.3238,107.7700,102.5230,Equity
NSC,NSC,313.0500,USD,0.0511,0.0160,0.0000,USD,722400.0000,0.0000,0.0000,0.0000,1138343.3333,0.6346,0.0000,0.0000,0.0000,-0.3026,-10.2185,-0.0957,11.8013,7.0852,0.0000,0.0000,0.0000,0.0000,0.0000,0.0000,357.1864,USD,357.1864,USD,1.7234,0.0000,309.2019,332.7986,321.2795,314.7650,Equity
NTAP,NTAP,204.4100,USD,0.0000,1.6207,0.0000,USD,2947700.0000,0.0000,0.0000,0.0000,2429306.6667,1.2134,0.0000,0.0000,0.0000,5.9613,9.2985,32.4831,103.6776,73.4963,0.0000,0.0000,0.0000,0.0000,0.0000,0.0000,209.0600,USD,209.0600,USD,4.4411,0.0000,136.2986,188.2796,191.5770,196.6320,Equity
NTRS,NTRS,174.5500,USD,0.0683,-0.6715,0.0000,USD,833400.0000,0.0000,0.0000,0.0000,977843.3333,0.8523,0.0000,0.0000,0.0000,0.6632,-6.1120,0.8820,29.3311,33.7079,0.0000,0.0000,0.0000,0.0000,0.0000,0.0000,194.8609,USD,194.8609,USD,2.1483,0.0000,160.8189,182.6406,180.5909,176.1330,Equity
NUE,NUE,244.4900,USD,-0.8898,-1.1163,0.0000,USD,1172400.0000,0.0000,0.0000,0.0000,1391823.3333,0.8423,0.0000,0.0000,0.0000,-0.4763,-2.3992,9.7598,49.2725,79.3718,0.0000,0.0000,0.0000,0.0000,0.0000,0.0000,280.1100,USD,280.1100,USD,2.7575,0.0000,212.6312,255.6976,254.0330,250.7760,Equity
NVDA,NVDA,228.8600,USD,2.0793,1.6839,0.0000,USD,142344300.0000,0.0000,0.0000,0.0000,122831033.3333,1.1589,0.0000,0.0000,0.0000,-0.0044,5.3165,14.5065,38.8770,28.7436,0.0000,0.0000,0.0000,0.0000,0.0000,0.0000,236.0006,USD,236.0006,USD,2.1872,0.0000,199.3488,216.3203,222.2322,222.7950,Equity
NVR,NVR,6267.8901,USD,-1.1211,-0.4718,0.0000,USD,36700.0000,0.0000,0.0000,0.0000,38020.0000,0.9653,0.0000,0.0000,0.0000,-1.1205,-2.0071,-8.0064,-3.5611,-21.9711,0.0000,0.0000,0.0000,0.0000,0.0000,0.0000,8200.0000,USD,9964.7695,USD,2.0867,0.0000,6718.4476,6299.1818,6242.5300,6240.7041,Equity
NWS,NWS,32.2400,USD,-0.1575,1.5433,0.0000,USD,744000.0000,0.0000,0.0000,0.0000,1173596.6667,0.6339,0.0000,0.0000,0.0000,-0.4324,-7.2109,15.2423,14.1843,-3.4902,0.0000,0.0000,0.0000,0.0000,0.0000,0.0000,35.6527,USD,35.6527,USD,2.0548,0.0000,30.0197,32.8691,33.1053,32.5280,Equity
NWSA,NWSA,29.1000,USD,-0.5265,2.1411,0.0000,USD,5097000.0000,0.0000,0.0000,0.0000,4203893.3333,1.2124,0.0000,0.0000,0.0000,-0.5128,-5.7219,17.5913,17.8285,-3.7112,0.0000,0.0000,0.0000,0.0000,0.0000,0.0000,31.5538,USD,31.5538,USD,2.1996,0.0000,26.3954,29.1708,29.7608,29.3690,Equity
NXPI,NXPI,236.3200,USD,0.2562,-0.7392,0.0000,USD,3629300.0000,0.0000,0.0000,0.0000,3385576.6667,1.0720,0.0000,0.0000,0.0000,-0.5262,6.1738,-15.5309,27.1085,6.3945,0.0000,0.0000,0.0000,0.0000,0.0000,0.0000,337.2830,USD,337.2830,USD,3.0113,0.0000,243.5230,234.5669,228.1489,231.0236,Equity
O,O,55.3500,USD,0.0180,-0.3421,0.0000,USD,10310600.0000,0.0000,0.0000,0.0000,7065493.3333,1.4593,0.0000,0.0000,0.0000,-2.0874,-10.3048,-9.8969,-7.0969,-3.2293,0.0000,0.0000,0.0000,0.0000,0.0000,0.0000,66.5752,USD,66.5752,USD,1.4726,0.0000,60.7452,61.2545,58.5765,56.4930,Equity
ODFL,ODFL,176.8500,USD,0.0000,2.0485,0.0000,USD,1949600.0000,0.0000,0.0000,0.0000,1703463.3333,1.1445,0.0000,0.0000,0.0000,-0.2594,-10.8268,-18.2250,-6.5353,28.3997,0.0000,0.0000,0.0000,0.0000,0.0000,0.0000,251.6392,USD,251.6392,USD,3.1278,0.0000,198.9195,200.7699,180.7850,175.8880,Equity
OKE,OKE,88.6200,USD,1.0944,-0.0113,0.0000,USD,3304100.0000,0.0000,0.0000,0.0000,3639106.6667,0.9079,0.0000,0.0000,0.0000,-1.6317,-6.4795,3.1477,-2.3760,26.4455,0.0000,0.0000,0.0000,0.0000,0.0000,0.0000,99.8500,USD,108.0523,USD,2.6517,0.0000,85.0352,92.4458,93.8245,91.4960,Equity
OMC,OMC,75.1000,USD,-0.8273,-1.3789,0.0000,USD,2763500.0000,0.0000,0.0000,0.0000,2886873.3333,0.9573,0.0000,0.0000,0.0000,-0.3186,-14.0550,4.1772,1.8101,1.5117,0.0000,0.0000,0.0000,0.0000,0.0000,0.0000,88.6583,USD,99.2029,USD,2.7059,0.0000,76.8850,81.5510,78.8813,76.4300,Equity
ON,ON,75.6500,USD,-0.2591,-2.0078,0.0000,USD,10413700.0000,0.0000,0.0000,0.0000,9829973.3333,1.0594,0.0000,0.0000,0.0000,2.7853,4.1868,-19.9810,35.9145,50.8174,0.0000,0.0000,0.0000,0.0000,0.0000,0.0000,134.9200,USD,134.9200,USD,4.3704,0.0000,79.9715,77.4938,72.5315,72.3500,Equity
ORCL,ORCL,132.6000,USD,-3.1875,-3.2823,0.0000,USD,36060100.0000,0.0000,0.0000,0.0000,29349930.0000,1.2286,0.0000,0.0000,0.0000,-11.1260,-12.0981,-9.2042,-3.7997,-52.6877,0.0000,0.0000,0.0000,0.0000,0.0000,0.0000,319.4586,USD,341.8240,USD,4.2808,0.0000,163.3772,142.3690,147.7220,143.3270,Equity
ORLY,ORLY,86.5100,USD,-0.3135,0.4529,0.0000,USD,4478500.0000,0.0000,0.0000,0.0000,5916103.3333,0.7570,0.0000,0.0000,0.0000,0.8040,-2.2486,-6.0593,-6.0797,-18.4637,0.0000,0.0000,0.0000,0.0000,0.0000,0.0000,108.7200,USD,108.7200,USD,1.9515,0.0000,91.1292,88.4546,86.0710,85.1910,Equity
OTIS,OTIS,66.3300,USD,-0.2123,0.5914,0.0000,USD,4864700.0000,0.0000,0.0000,0.0000,4125923.3333,1.1791,0.0000,0.0000,0.0000,-2.5705,-7.5411,-6.7988,-12.0446,-25.0285,0.0000,0.0000,0.0000,0.0000,0.0000,0.0000,93.4292,USD,103.6262,USD,2.0583,0.0000,77.7765,70.8079,68.9370,67.6960,Equity
OXY,OXY,56.1000,USD,1.0552,-1.3366,0.0000,USD,12354600.0000,0.0000,0.0000,0.0000,8228273.3333,1.5015,0.0000,0.0000,0.0000,-0.3729,-4.6406,16.0334,-14.5264,20.5331,0.0000,0.0000,0.0000,0.0000,0.0000,0.0000,66.8332,USD,66.8332,USD,2.2818,0.0000,53.2722,58.1990,59.5020,58.2940,Equity
P,P,129.4000,USD,-1.1111,2.6984,0.0000,USD,4700100.0000,0.0000,0.0000,0.0000,6194500.0000,0.7588,0.0000,0.0000,0.0000,16.6922,38.5439,64.2340,127.0574,57.0388,0.0000,0.0000,0.0000,0.0000,0.0000,0.0000,131.4100,USD,131.4100,USD,5.4982,0.0000,77.3896,97.2256,103.7635,111.4190,Equity
PANW,PANW,392.0900,USD,-1.1021,4.6299,0.0000,USD,6028100.0000,0.0000,0.0000,0.0000,6510383.3333,0.9259,0.0000,0.0000,0.0000,4.6774,5.5168,14.9757,154.0266,93.7491,0.0000,0.0000,0.0000,0.0000,0.0000,0.0000,398.8800,USD,398.8800,USD,4.9253,0.0000,246.2185,357.1910,361.9410,378.5760,Equity
PAYX,PAYX,99.3000,USD,-1.2726,-2.0420,0.0000,USD,3448300.0000,0.0000,0.0000,0.0000,3002120.0000,1.1486,0.0000,0.0000,0.0000,-13.2978,-21.8356,2.0380,9.1328,-19.1377,0.0000,0.0000,0.0000,0.0000,0.0000,0.0000,127.9800,USD,153.2752,USD,2.3897,0.0000,102.4749,117.9296,115.4450,110.3960,Equity
PCAR,PCAR,111.6500,USD,-0.8445,0.3055,0.0000,USD,3342800.0000,0.0000,0.0000,0.0000,3092176.6667,1.0811,0.0000,0.0000,0.0000,-1.9754,-10.9223,-6.8052,-0.1571,13.8333,0.0000,0.0000,0.0000,0.0000,0.0000,0.0000,138.8723,USD,138.8723,USD,2.2618,0.0000,120.2261,125.9811,118.9455,114.8450,Equity
PCG,PCG,11.9500,USD,-0.2431,-3.1605,0.0000,USD,33090900.0000,0.0000,0.0000,0.0000,48942193.3333,0.6761,0.0000,0.0000,0.0000,-7.2205,-28.0121,-28.9536,-31.2406,-19.3275,0.0000,0.0000,0.0000,0.0000,0.0000,0.0000,19.0498,USD,21.3956,USD,4.3405,0.0000,16.5320,15.9056,13.3640,12.7920,Equity
PEG,PEG,66.7300,USD,0.0149,-0.4327,0.0000,USD,3394300.0000,0.0000,0.0000,0.0000,3087923.3333,1.0992,0.0000,0.0000,0.0000,-3.4578,-7.9960,-17.0309,-16.5461,-16.1397,0.0000,0.0000,0.0000,0.0000,0.0000,0.0000,85.4044,USD,89.2883,USD,1.4570,0.0000,77.8191,73.5145,70.6946,68.7610,Equity
PEP,PEP,128.5000,USD,-0.8940,-0.1011,0.0000,USD,7512700.0000,0.0000,0.0000,0.0000,8315166.6667,0.9035,0.0000,0.0000,0.0000,-2.0505,-7.9374,-4.0822,-16.3122,-4.7944,0.0000,0.0000,0.0000,0.0000,0.0000,0.0000,166.4142,USD,166.4142,USD,1.5068,0.0000,144.9353,136.6654,134.3157,130.9490,Equity
PFE,PFE,28.7200,USD,-0.1744,0.1744,0.0000,USD,24950500.0000,0.0000,0.0000,0.0000,33638643.3333,0.7417,0.0000,0.0000,0.0000,2.8285,2.7182,21.3556,6.9672,29.3527,0.0000,0.0000,0.0000,0.0000,0.0000,0.0000,29.2100,USD,29.2100,USD,1.7083,0.0000,25.7329,27.0214,28.0955,27.9960,Equity
PFG,PFG,114.6400,USD,0.2353,-0.1133,0.0000,USD,1372200.0000,0.0000,0.0000,0.0000,1323156.6667,1.0371,0.0000,0.0000,0.0000,0.9244,3.6816,7.1736,31.9654,43.5386,0.0000,0.0000,0.0000,0.0000,0.0000,0.0000,121.1800,USD,121.1800,USD,2.2309,0.0000,99.8081,112.9197,114.8387,115.6160,Equity
PG,PG,149.0300,USD,-0.2530,1.9148,0.0000,USD,8850100.0000,0.0000,0.0000,0.0000,8809476.6667,1.0046,0.0000,0.0000,0.0000,0.5465,3.6514,2.3885,4.5281,0.5983,0.0000,0.0000,0.0000,0.0000,0.0000,0.0000,164.7700,USD,172.5849,USD,1.4735,0.0000,146.0776,145.8637,146.2590,147.0260,Equity
PGR,PGR,209.4700,USD,0.1946,1.9319,0.0000,USD,3568600.0000,0.0000,0.0000,0.0000,2615666.6667,1.3643,0.0000,0.0000,0.0000,1.2226,-4.1941,-4.0682,4.1121,-8.3787,0.0000,0.0000,0.0000,0.0000,0.0000,0.0000,239.3800,USD,274.9110,USD,1.8806,0.0000,208.4694,214.1732,214.7785,210.7520,Equity
PH,PH,969.5500,USD,-0.5213,-0.8975,0.0000,USD,675000.0000,0.0000,0.0000,0.0000,621390.0000,1.0863,0.0000,0.0000,0.0000,0.4871,-2.3635,-0.6765,13.0263,30.2247,0.0000,0.0000,0.0000,0.0000,0.0000,0.0000,1097.7291,USD,1097.7291,USD,2.0973,0.0000,940.2581,987.0407,952.8215,952.9670,Equity
PHM,PHM,119.1300,USD,-1.1181,-0.6008,0.0000,USD,1614500.0000,0.0000,0.0000,0.0000,1487093.3333,1.0857,0.0000,0.0000,0.0000,-2.5840,-7.1249,-12.9867,5.2095,-8.3902,0.0000,0.0000,0.0000,0.0000,0.0000,0.0000,143.5727,USD,147.0564,USD,2.2747,0.0000,124.3677,125.4118,120.1058,119.0250,Equity
PKG,PKG,234.5200,USD,-0.9782,-1.1215,0.0000,USD,682200.0000,0.0000,0.0000,0.0000,579770.0000,1.1767,0.0000,0.0000,0.0000,-1.5573,-1.8105,-0.9410,13.6622,11.3503,0.0000,0.0000,0.0000,0.0000,0.0000,0.0000,258.3082,USD,258.3082,USD,2.2145,0.0000,223.2557,241.6576,233.5561,235.8330,Equity
PLD,PLD,132.4400,USD,0.0301,-0.4585,0.0000,USD,3045500.0000,0.0000,0.0000,0.0000,3171803.3333,0.9602,0.0000,0.0000,0.0000,-2.5316,-5.1233,-1.4605,4.4109,19.6234,0.0000,0.0000,0.0000,0.0000,0.0000,0.0000,152.1421,USD,152.1421,USD,1.4560,0.0000,135.9046,139.1313,135.2034,134.3500,Equity
PLTR,PLTR,187.4800,USD,-1.8131,-1.1546,0.0000,USD,18464100.0000,0.0000,0.0000,0.0000,27698233.3333,0.6666,0.0000,0.0000,0.0000,1.3460,0.6388,60.6926,36.2995,5.5809,0.0000,0.0000,0.0000,0.0000,0.0000,0.0000,207.5200,USD,207.5200,USD,3.7552,0.0000,152.0518,165.0288,178.4620,183.0390,Equity
PM,PM,193.7600,USD,0.0420,1.7220,0.0000,USD,4094800.0000,0.0000,0.0000,0.0000,4518186.6667,0.9063,0.0000,0.0000,0.0000,1.8556,0.9745,7.1030,18.5260,21.7644,0.0000,0.0000,0.0000,0.0000,0.0000,0.0000,207.7600,USD,207.7600,USD,2.2251,0.0000,175.6381,190.0990,189.3215,190.9210,Equity
PNC,PNC,223.6700,USD,0.0000,-0.8731,0.0000,USD,1418200.0000,0.0000,0.0000,0.0000,1671906.6667,0.8483,0.0000,0.0000,0.0000,-1.8819,-7.6583,-8.4342,12.6575,13.6288,0.0000,0.0000,0.0000,0.0000,0.0000,0.0000,258.9600,USD,258.9600,USD,1.9726,0.0000,225.6447,244.3846,235.9620,229.5340,Equity
PNR,PNR,53.0300,USD,-0.6709,-1.1741,0.0000,USD,2241800.0000,0.0000,0.0000,0.0000,3471996.6667,0.6457,0.0000,0.0000,0.0000,-4.4332,-14.0101,-30.5222,-36.3922,-51.0940,0.0000,0.0000,0.0000,0.0000,0.0000,0.0000,112.5719,USD,112.5719,USD,2.5421,0.0000,81.6192,61.7214,56.8765,55.0920,Equity
PNW,PNW,91.3200,USD,1.1227,-0.4578,0.0000,USD,936100.0000,0.0000,0.0000,0.0000,1023346.6667,0.9147,0.0000,0.0000,0.0000,-1.9751,-6.4728,-13.8782,-7.5411,9.3311,0.0000,0.0000,0.0000,0.0000,0.0000,0.0000,110.1584,USD,110.1584,USD,1.5145,0.0000,97.6418,98.6659,95.1930,93.2350,Equity
PODD,PODD,133.1100,USD,-1.2415,-2.2185,0.0000,USD,1724700.0000,0.0000,0.0000,0.0000,1660540.0000,1.0386,0.0000,0.0000,0.0000,-4.4985,-8.2822,-12.5714,-36.0079,-58.1415,0.0000,0.0000,0.0000,0.0000,0.0000,0.0000,354.8800,USD,354.8800,USD,3.5089,0.0000,196.6294,147.6874,140.5645,138.3410,Equity
PPG,PPG,107.0100,USD,-1.4881,-0.4743,0.0000,USD,1537800.0000,0.0000,0.0000,0.0000,1539840.0000,0.9987,0.0000,0.0000,0.0000,-0.7052,-6.3124,-11.2247,4.3899,5.9435,0.0000,0.0000,0.0000,0.0000,0.0000,0.0000,130.9935,USD,130.9935,USD,2.1158,0.0000,110.8374,111.7505,107.4865,106.0590,Equity
PPL,PPL,32.1100,USD,0.3747,0.2498,0.0000,USD,7700200.0000,0.0000,0.0000,0.0000,7139536.6667,1.0785,0.0000,0.0000,0.0000,-2.3419,-5.3302,-10.9296,-14.1577,-9.7232,0.0000,0.0000,0.0000,0.0000,0.0000,0.0000,39.4620,USD,39.4620,USD,1.4389,0.0000,35.5861,34.4712,33.5468,32.7870,Equity
PRU,PRU,116.0900,USD,-0.6948,-2.8129,0.0000,USD,1510700.0000,0.0000,0.0000,0.0000,1568450.0000,0.9632,0.0000,0.0000,0.0000,-1.3344,-3.0887,8.8022,25.9851,17.0765,0.0000,0.0000,0.0000,0.0000,0.0000,0.0000,126.2624,USD,126.2624,USD,2.0195,0.0000,106.5815,119.7575,118.7370,118.0750,Equity
PSA,PSA,284.7900,USD,-0.2917,-1.1043,0.0000,USD,963800.0000,0.0000,0.0000,0.0000,827726.6667,1.1644,0.0000,0.0000,0.0000,-1.6982,-8.2288,-9.6127,9.5254,3.5930,0.0000,0.0000,0.0000,0.0000,0.0000,0.0000,332.1422,USD,341.4603,USD,2.0436,0.0000,293.9016,309.2691,294.4998,291.8860,Equity
PSKY,PSKY,10.2800,USD,-0.6024,3.2128,0.0000,USD,24192600.0000,0.0000,0.0000,0.0000,18061093.3333,1.3395,0.0000,0.0000,0.0000,1.6815,-5.0781,4.7414,16.3347,-44.6581,0.0000,0.0000,0.0000,0.0000,0.0000,0.0000,19.7241,USD,20.4801,USD,5.1539,0.0000,10.5445,9.7692,10.5043,10.3380,Equity
PSX,PSX,253.5500,USD,0.5670,-0.8602,0.0000,USD,3596100.0000,0.0000,0.0000,0.0000,3219906.6667,1.1168,0.0000,0.0000,0.0000,-1.2579,3.9097,50.7813,38.9244,87.1921,0.0000,0.0000,0.0000,0.0000,0.0000,0.0000,277.1200,USD,277.1200,USD,3.3060,0.0000,180.0329,236.2328,258.8240,261.7080,Equity
PTC,PTC,139.6900,USD,-0.7674,1.1367,0.0000,USD,985800.0000,0.0000,0.0000,0.0000,1497873.3333,0.6581,0.0000,0.0000,0.0000,-0.2214,-11.1104,22.9557,0.0215,-31.1736,0.0000,0.0000,0.0000,0.0000,0.0000,0.0000,206.8200,USD,219.6900,USD,3.4397,0.0000,145.7937,140.3374,138.6110,136.5140,Equity
PWR,PWR,644.3600,USD,-0.6039,-0.7348,0.0000,USD,845900.0000,0.0000,0.0000,0.0000,983603.3333,0.8600,0.0000,0.0000,0.0000,0.2692,6.9122,-10.4969,20.7585,59.0639,0.0000,0.0000,0.0000,0.0000,0.0000,0.0000,788.6295,USD,788.6295,USD,3.0521,0.0000,601.3930,641.7434,628.7050,634.3010,Equity
PYPL,PYPL,54.2800,USD,-1.1991,-1.3808,0.0000,USD,9902300.0000,0.0000,0.0000,0.0000,13039570.0000,0.7594,0.0000,0.0000,0.0000,2.6281,1.4053,26.0168,22.2150,-18.4468,0.0000,0.0000,0.0000,0.0000,0.0000,0.0000,78.3413,USD,92.6270,USD,3.0153,0.0000,50.1651,56.6475,53.4601,53.1810,Equity
Q,Q,124.9100,USD,-0.0080,0.1764,0.0000,USD,1186100.0000,0.0000,0.0000,0.0000,1707660.0000,0.6946,0.0000,0.0000,0.0000,0.0400,3.9358,-23.4626,16.7548,31.4073,0.0000,0.0000,0.0000,0.0000,0.0000,0.0000,177.1621,USD,177.1621,USD,3.5773,0.0000,124.6502,128.3218,120.8485,120.9720,Equity
QCOM,QCOM,187.4800,USD,-1.3913,-7.1743,0.0000,USD,16680100.0000,0.0000,0.0000,0.0000,13353850.0000,1.2491,0.0000,0.0000,0.0000,-5.4421,14.8062,2.0079,48.8916,13.1113,0.0000,0.0000,0.0000,0.0000,0.0000,0.0000,257.5618,USD,257.5618,USD,4.9083,0.0000,167.7172,169.9722,182.1813,191.2520,Equity
RCL,RCL,242.5900,USD,1.3597,-0.0453,0.0000,USD,3365300.0000,0.0000,0.0000,0.0000,2493543.3333,1.3496,0.0000,0.0000,0.0000,3.2781,-12.6618,-23.1469,-6.1496,-24.3033,0.0000,0.0000,0.0000,0.0000,0.0000,0.0000,350.5895,USD,358.2104,USD,3.5286,0.0000,284.0463,282.0229,252.4752,243.5507,Equity
RDDT,RDDT,143.0800,USD,-0.5606,-4.5115,0.0000,USD,4339900.0000,0.0000,0.0000,0.0000,5973580.0000,0.7265,0.0000,0.0000,0.0000,-8.0876,-6.4837,-17.5711,15.2663,-40.4106,0.0000,0.0000,0.0000,0.0000,0.0000,0.0000,263.5000,USD,282.9500,USD,4.6274,0.0000,170.1995,158.7516,153.2620,153.2930,Equity
REG,REG,73.3300,USD,0.0956,0.1366,0.0000,USD,1024900.0000,0.0000,0.0000,0.0000,1265693.3333,0.8098,0.0000,0.0000,0.0000,-0.2720,-1.9166,-7.1074,-0.1573,6.7566,0.0000,0.0000,0.0000,0.0000,0.0000,0.0000,82.8213,USD,82.8213,USD,1.3451,0.0000,74.8476,76.1446,73.9765,73.2040,Equity
REGN,REGN,752.2500,USD,-1.2626,-4.5416,0.0000,USD,1149800.0000,0.0000,0.0000,0.0000,702116.6667,1.6376,0.0000,0.0000,0.0000,-6.4249,-5.2809,20.7827,0.6624,34.0854,0.0000,0.0000,0.0000,0.0000,0.0000,0.0000,859.3400,USD,1051.6757,USD,2.4571,0.0000,734.4240,777.9348,799.7895,786.3220,Equity
RF,RF,27.2600,USD,-0.1810,-1.3034,0.0000,USD,12401600.0000,0.0000,0.0000,0.0000,8160830.0000,1.5196,0.0000,0.0000,0.0000,-2.3289,-9.2104,-8.8196,10.1409,6.5045,0.0000,0.0000,0.0000,0.0000,0.0000,0.0000,32.1440,USD,32.1440,USD,2.0184,0.0000,28.2240,30.0841,29.0425,28.1120,Equity
RJF,RJF,161.1600,USD,-0.1751,0.8069,0.0000,USD,1235900.0000,0.0000,0.0000,0.0000,1290903.3333,0.9574,0.0000,0.0000,0.0000,1.1105,-10.1472,6.3833,15.2246,-7.0175,0.0000,0.0000,0.0000,0.0000,0.0000,0.0000,182.7300,USD,182.7300,USD,2.2665,0.0000,160.3514,173.1888,169.0630,162.4440,Equity
RL,RL,357.1600,USD,-0.7141,0.0168,0.0000,USD,564200.0000,0.0000,0.0000,0.0000,666493.3333,0.8465,0.0000,0.0000,0.0000,3.5017,1.1688,-10.7700,9.9368,15.7003,0.0000,0.0000,0.0000,0.0000,0.0000,0.0000,419.3767,USD,419.3767,USD,2.8981,0.0000,363.3643,363.6413,341.6725,342.3518,Equity
RMD,RMD,222.1000,USD,-0.2162,0.0450,0.0000,USD,862800.0000,0.0000,0.0000,0.0000,1338623.3333,0.6445,0.0000,0.0000,0.0000,0.0586,-7.5854,14.2946,1.5315,-16.9535,0.0000,0.0000,0.0000,0.0000,0.0000,0.0000,281.8876,USD,290.7341,USD,2.4127,0.0000,225.2710,220.8877,225.3340,224.4970,Equity
ROK,ROK,431.2200,USD,-0.8937,-0.6749,0.0000,USD,598800.0000,0.0000,0.0000,0.0000,683496.6667,0.8761,0.0000,0.0000,0.0000,0.9434,0.0836,-12.6306,24.4965,27.1868,0.0000,0.0000,0.0000,0.0000,0.0000,0.0000,495.8326,USD,495.8326,USD,2.2130,0.0000,421.0293,438.8114,424.7045,424.0860,Equity
ROL,ROL,30.5900,USD,-0.1998,1.8648,0.0000,USD,10845600.0000,0.0000,0.0000,0.0000,5977903.3333,1.8143,0.0000,0.0000,0.0000,-6.9081,-15.9153,-26.3559,-41.8478,-46.8862,0.0000,0.0000,0.0000,0.0000,0.0000,0.0000,65.3971,USD,65.3971,USD,2.4000,0.0000,49.8634,36.2257,33.7540,32.1450,Equity
ROP,ROP,354.0000,USD,-1.3666,-1.2718,0.0000,USD,927100.0000,0.0000,0.0000,0.0000,788543.3333,1.1757,0.0000,0.0000,0.0000,-2.7072,-16.9404,4.8754,1.0889,-28.4786,0.0000,0.0000,0.0000,0.0000,0.0000,0.0000,517.5935,USD,588.2828,USD,2.2130,0.0000,369.8674,390.6520,386.2765,367.9450,Equity
ROST,ROST,237.0900,USD,0.0000,0.4108,0.0000,USD,1964500.0000,0.0000,0.0000,0.0000,2518783.3333,0.7799,0.0000,0.0000,0.0000,1.9698,3.9371,11.6036,13.9968,57.7766,0.0000,0.0000,0.0000,0.0000,0.0000,0.0000,256.5043,USD,256.5043,USD,2.0492,0.0000,216.1141,237.6764,230.1555,231.3500,Equity
RSG,RSG,212.9300,USD,-0.0236,0.3913,0.0000,USD,1046000.0000,0.0000,0.0000,0.0000,1592920.0000,0.6567,0.0000,0.0000,0.0000,-0.4442,-4.1331,0.2213,-3.3931,-5.6203,0.0000,0.0000,0.0000,0.0000,0.0000,0.0000,232.0813,USD,255.1956,USD,1.4905,0.0000,214.5026,217.4108,219.3415,215.8500,Equity
RTX,RTX,187.6600,USD,-0.8342,-0.9187,0.0000,USD,3227600.0000,0.0000,0.0000,0.0000,4154326.6667,0.7769,0.0000,0.0000,0.0000,-1.7435,-11.3599,-0.7624,1.0247,16.5873,0.0000,0.0000,0.0000,0.0000,0.0000,0.0000,226.4100,USD,226.4100,USD,1.9809,0.0000,193.6293,207.2549,196.3575,192.3060,Equity
RVTY,RVTY,151.0200,USD,-1.4162,-0.0596,0.0000,USD,1500500.0000,0.0000,0.0000,0.0000,1967590.0000,0.7626,0.0000,0.0000,0.0000,5.3800,17.2516,35.8212,78.3828,80.1541,0.0000,0.0000,0.0000,0.0000,0.0000,0.0000,152.2600,USD,152.2600,USD,3.5489,0.0000,105.1733,124.5048,136.4820,145.7920,Equity
SBAC,SBAC,163.4300,USD,0.1023,-1.6371,0.0000,USD,911700.0000,0.0000,0.0000,0.0000,886886.6667,1.0280,0.0000,0.0000,0.0000,-7.0576,-14.4122,-6.7451,-2.5189,-13.7047,0.0000,0.0000,0.0000,0.0000,0.0000,0.0000,221.5828,USD,241.6152,USD,2.8134,0.0000,189.6900,180.8306,180.6235,174.1230,Equity
SBUX,SBUX,95.2700,USD,-0.6325,0.4322,0.0000,USD,7418900.0000,0.0000,0.0000,0.0000,6633316.6667,1.1184,0.0000,0.0000,0.0000,0.1682,-11.6644,-6.2362,11.1380,17.1618,0.0000,0.0000,0.0000,0.0000,0.0000,0.0000,109.8788,USD,112.9909,USD,2.1434,0.0000,97.6608,102.8217,99.1420,95.4350,Equity
SCHW,SCHW,98.3000,USD,-0.2423,-0.7371,0.0000,USD,6030600.0000,0.0000,0.0000,0.0000,8322816.6667,0.7246,0.0000,0.0000,0.0000,-2.0428,-10.7662,6.8458,6.3189,4.2912,0.0000,0.0000,0.0000,0.0000,0.0000,0.0000,114.5300,USD,114.5300,USD,2.1094,0.0000,97.8121,106.4674,105.3845,102.6380,Equity
SHW,SHW,332.7900,USD,-1.0240,1.1212,0.0000,USD,1470500.0000,0.0000,0.0000,0.0000,1672843.3333,0.8790,0.0000,0.0000,0.0000,1.3522,-3.5000,-3.1252,5.8639,-1.7441,0.0000,0.0000,0.0000,0.0000,0.0000,0.0000,375.0947,USD,394.0739,USD,2.1672,0.0000,331.9791,338.1899,326.1360,324.4760,Equity
SJM,SJM,120.6300,USD,-0.1736,-0.3058,0.0000,USD,986000.0000,0.0000,0.0000,0.0000,1386853.3333,0.7110,0.0000,0.0000,0.0000,-0.3963,-8.8484,8.2316,29.3601,15.0048,0.0000,0.0000,0.0000,0.0000,0.0000,0.0000,135.8900,USD,135.8900,USD,2.0399,0.0000,106.6509,121.8796,123.9370,121.8650,Equity
SLB,SLB,51.4900,USD,1.4552,-0.0970,0.0000,USD,13933300.0000,0.0000,0.0000,0.0000,12906130.0000,1.0796,0.0000,0.0000,0.0000,-1.2087,-9.7206,11.3297,0.9675,48.5045,0.0000,0.0000,0.0000,0.0000,0.0000,0.0000,60.1479,USD,60.1479,USD,3.3867,0.0000,49.8618,52.5821,54.4572,51.9910,Equity
SMCI,SMCI,41.7800,USD,-1.1789,-3.4212,0.0000,USD,29494500.0000,0.0000,0.0000,0.0000,39437686.6667,0.7479,0.0000,0.0000,0.0000,0.5778,12.6753,42.4480,98.3856,-8.8171,0.0000,0.0000,0.0000,0.0000,0.0000,0.0000,58.7800,USD,66.4400,USD,5.3534,0.0000,31.8277,35.3840,39.2260,40.2660,Equity
SNA,SNA,369.2100,USD,-0.5688,0.0027,0.0000,USD,314300.0000,0.0000,0.0000,0.0000,284046.6667,1.1065,0.0000,0.0000,0.0000,-0.6966,-5.7801,-7.6787,4.8896,10.9102,0.0000,0.0000,0.0000,0.0000,0.0000,0.0000,420.4116,USD,420.4116,USD,1.6146,0.0000,375.1139,391.9768,375.5065,370.9490,Equity
SNDK,SNDK,1712.8900,USD,-2.3152,-3.6511,0.0000,USD,6662200.0000,0.0000,0.0000,0.0000,11089900.0000,0.6007,0.0000,0.0000,0.0000,-9.2287,15.3477,-24.6661,199.1948,1663.6841,0.0000,0.0000,0.0000,0.0000,0.0000,0.0000,2354.3899,USD,2354.3899,USD,5.8272,0.0000,1115.3787,1523.9203,1675.1842,1717.1635,Equity
SNPS,SNPS,417.6100,USD,-1.0452,-1.9142,0.0000,USD,1546800.0000,0.0000,0.0000,0.0000,1913623.3333,0.8083,0.0000,0.0000,0.0000,2.0453,-5.6483,-6.3802,8.9967,-14.3821,0.0000,0.0000,0.0000,0.0000,0.0000,0.0000,539.4800,USD,651.7300,USD,3.5264,0.0000,445.0507,401.3712,402.3250,400.4740,Equity
SO,SO,82.3500,USD,0.0965,-0.6395,0.0000,USD,5048900.0000,0.0000,0.0000,0.0000,5933066.6667,0.8510,0.0000,0.0000,0.0000,-3.2883,-6.6856,-13.2484,-13.6310,-10.0083,0.0000,0.0000,0.0000,0.0000,0.0000,0.0000,98.4471,USD,98.4471,USD,1.3603,0.0000,90.9892,89.9645,86.3595,84.6660,Equity
SOLV,SOLV,89.5400,USD,-0.5475,0.0447,0.0000,USD,649100.0000,0.0000,0.0000,0.0000,926186.6667,0.7008,0.0000,0.0000,0.0000,0.8901,-1.7340,16.0596,41.1190,25.4589,0.0000,0.0000,0.0000,0.0000,0.0000,0.0000,94.1600,USD,94.1600,USD,2.1893,0.0000,77.8280,87.3182,89.5975,88.8850,Equity
SPG,SPG,204.5300,USD,-0.0439,-0.1416,0.0000,USD,926300.0000,0.0000,0.0000,0.0000,1196523.3333,0.7742,0.0000,0.0000,0.0000,-0.6895,-3.6515,-7.5675,14.6110,15.4353,0.0000,0.0000,0.0000,0.0000,0.0000,0.0000,235.9673,USD,235.9673,USD,1.4412,0.0000,199.5391,215.2724,205.9372,204.5970,Equity
SPGI,SPGI,395.9200,USD,-0.8182,-1.8299,0.0000,USD,1926500.0000,0.0000,0.0000,0.0000,1781293.3333,1.0815,0.0000,0.0000,0.0000,-1.6201,-10.6053,2.9875,0.6737,-13.3361,0.0000,0.0000,0.0000,0.0000,0.0000,0.0000,518.8820,USD,542.0503,USD,2.2962,0.0000,424.0154,419.9885,416.6890,404.4590,Equity
SRE,SRE,76.8900,USD,-0.0385,-1.3345,0.0000,USD,4933000.0000,0.0000,0.0000,0.0000,3927586.6667,1.2560,0.0000,0.0000,0.0000,-4.2531,-8.0349,-16.3674,-19.1448,-9.9449,0.0000,0.0000,0.0000,0.0000,0.0000,0.0000,99.4874,USD,99.4874,USD,1.8350,0.0000,88.8722,84.4617,81.3792,79.5403,Equity
STE,STE,211.0000,USD,-0.0814,0.9908,0.0000,USD,493600.0000,0.0000,0.0000,0.0000,641173.3333,0.7698,0.0000,0.0000,0.0000,1.0585,-9.4688,0.5099,-3.2393,-14.5602,0.0000,0.0000,0.0000,0.0000,0.0000,0.0000,267.1441,USD,267.1441,USD,2.1456,0.0000,227.8556,223.6825,214.9681,208.7700,Equity
STLD,STLD,230.3900,USD,-1.5707,-1.3995,0.0000,USD,1006500.0000,0.0000,0.0000,0.0000,1144616.6667,0.8793,0.0000,0.0000,0.0000,-1.5385,-1.8238,0.4053,34.8394,66.9739,0.0000,0.0000,0.0000,0.0000,0.0000,0.0000,288.0866,USD,288.0866,USD,3.0148,0.0000,215.2272,243.7084,237.5210,235.5580,Equity
STT,STT,179.7300,USD,-0.4356,-0.8878,0.0000,USD,1875300.0000,0.0000,0.0000,0.0000,1770706.6667,1.0591,0.0000,0.0000,0.0000,-0.2885,-7.0346,6.5003,47.3274,59.3277,0.0000,0.0000,0.0000,0.0000,0.0000,0.0000,195.9300,USD,195.9300,USD,2.1590,0.0000,153.1229,186.8402,186.7385,182.0730,Equity
STX,STX,921.5100,USD,-0.5159,0.5105,0.0000,USD,3402300.0000,0.0000,0.0000,0.0000,3741776.6667,0.9093,0.0000,0.0000,0.0000,0.2619,11.1464,-4.4302,154.6440,327.5038,0.0000,0.0000,0.0000,0.0000,0.0000,0.0000,1143.2677,USD,1143.2677,USD,5.3692,0.0000,637.4444,851.7850,853.0262,867.7444,Equity
STZ,STZ,112.9200,USD,-0.1144,-0.6248,0.0000,USD,1437400.0000,0.0000,0.0000,0.0000,2164210.0000,0.6642,0.0000,0.0000,0.0000,-3.9714,-13.5971,-18.1755,-24.1264,-12.2803,0.0000,0.0000,0.0000,0.0000,0.0000,0.0000,166.1731,USD,248.2595,USD,2.4803,0.0000,142.3857,128.3614,122.1520,118.1380,Equity
SW,SW,45.0700,USD,-1.5945,-2.8873,0.0000,USD,5268900.0000,0.0000,0.0000,0.0000,4439366.6667,1.1869,0.0000,0.0000,0.0000,-2.9709,-6.6680,-1.6840,20.2628,10.1528,0.0000,0.0000,0.0000,0.0000,0.0000,0.0000,51.5202,USD,53.8635,USD,2.9581,0.0000,42.4868,46.5327,44.9175,45.3930,Equity
SWK,SWK,88.7300,USD,-1.5208,-2.9212,0.0000,USD,1767000.0000,0.0000,0.0000,0.0000,1621196.6667,1.0899,0.0000,0.0000,0.0000,-3.6904,-8.4845,-4.9063,34.1722,25.3036,0.0000,0.0000,0.0000,0.0000,0.0000,0.0000,103.7768,USD,103.7768,USD,2.6560,0.0000,82.1095,94.6474,91.4762,89.9200,Equity
SWKS,SWKS,87.5900,USD,0.0672,-1.9588,0.0000,USD,3369800.0000,0.0000,0.0000,0.0000,6991820.0000,0.4820,0.0000,0.0000,0.0000,-2.6345,33.1357,29.1888,68.2878,13.7336,0.0000,0.0000,0.0000,0.0000,0.0000,0.0000,92.8000,USD,94.6618,USD,6.3574,0.0000,64.9525,72.3230,82.2865,89.0560,Equity
SYF,SYF,71.5200,USD,-0.7678,-1.9468,0.0000,USD,2599700.0000,0.0000,0.0000,0.0000,3226230.0000,0.8058,0.0000,0.0000,0.0000,-1.5825,-8.3664,-5.5505,9.2566,-2.4531,0.0000,0.0000,0.0000,0.0000,0.0000,0.0000,87.6742,USD,87.6742,USD,2.5123,0.0000,74.4519,76.7146,75.4940,73.4740,Equity
SYK,SYK,275.3100,USD,0.4186,1.0831,0.0000,USD,2486000.0000,0.0000,0.0000,0.0000,2848736.6667,0.8727,0.0000,0.0000,0.0000,0.0800,-16.7468,-12.5556,-15.1205,-24.6347,0.0000,0.0000,0.0000,0.0000,0.0000,0.0000,389.4781,USD,400.7894,USD,2.9901,0.0000,330.7278,314.4014,285.2690,276.1610,Equity
SYY,SYY,78.5700,USD,-0.2167,0.1402,0.0000,USD,4151500.0000,0.0000,0.0000,0.0000,3761160.0000,1.1038,0.0000,0.0000,0.0000,-0.1271,-4.1128,-5.3712,14.9885,-1.3922,0.0000,0.0000,0.0000,0.0000,0.0000,0.0000,90.5625,USD,90.5625,USD,1.9782,0.0000,79.1438,82.0878,80.1240,78.5930,Equity
T,T,24.9000,USD,0.0788,-1.8913,0.0000,USD,30491000.0000,0.0000,0.0000,0.0000,35195966.6667,0.8663,0.0000,0.0000,0.0000,-0.7968,-4.2676,21.9005,-11.4055,-7.8977,0.0000,0.0000,0.0000,0.0000,0.0000,0.0000,28.7501,USD,28.7501,USD,2.1608,0.0000,24.7706,24.8212,25.6765,25.4950,Equity
TDG,TDG,1109.2200,USD,-0.9720,-0.6253,0.0000,USD,330200.0000,0.0000,0.0000,0.0000,377393.3333,0.8749,0.0000,0.0000,0.0000,-0.2877,-6.4715,-16.7277,-2.0885,-14.3935,0.0000,0.0000,0.0000,0.0000,0.0000,0.0000,1463.0300,USD,1519.3573,USD,2.2023,0.0000,1251.6333,1188.1496,1121.7795,1098.5220,Equity
TDY,TDY,610.8300,USD,-0.5096,-0.5406,0.0000,USD,298000.0000,0.0000,0.0000,0.0000,266503.3333,1.1182,0.0000,0.0000,0.0000,-0.3117,-1.7895,-8.4076,4.5816,5.8429,0.0000,0.0000,0.0000,0.0000,0.0000,0.0000,697.6700,USD,697.6700,USD,1.6528,0.0000,621.6410,636.4868,606.5485,608.4920,Equity
TECH,TECH,72.5100,USD,-0.0413,-0.1377,0.0000,USD,3820200.0000,0.0000,0.0000,0.0000,2821100.0000,1.3542,0.0000,0.0000,0.0000,-0.0551,0.2212,2.7464,39.7476,40.6379,0.0000,0.0000,0.0000,0.0000,0.0000,0.0000,72.6900,USD,79.9147,USD,0.2345,0.0000,61.6490,72.1749,72.3690,72.4680,Equity
TEL,TEL,214.7100,USD,-0.4712,-1.7750,0.0000,USD,2316100.0000,0.0000,0.0000,0.0000,2010996.6667,1.1517,0.0000,0.0000,0.0000,0.5762,5.9459,6.9135,8.9315,0.0022,0.0000,0.0000,0.0000,0.0000,0.0000,0.0000,250.6090,USD,250.6090,USD,2.7115,0.0000,213.4238,207.8634,208.1820,210.0490,Equity
TER,TER,401.3000,USD,-0.9237,0.7330,0.0000,USD,2027700.0000,0.0000,0.0000,0.0000,2506253.3333,0.8091,0.0000,0.0000,0.0000,0.6546,13.0952,-17.0275,45.3250,197.1527,0.0000,0.0000,0.0000,0.0000,0.0000,0.0000,487.7226,USD,487.7226,USD,4.2575,0.0000,330.4995,370.4788,365.6108,375.5350,Equity
TFC,TFC,47.0900,USD,-0.2308,-1.1960,0.0000,USD,6435100.0000,0.0000,0.0000,0.0000,6907880.0000,0.9316,0.0000,0.0000,0.0000,-2.0387,-6.6230,-4.5430,7.6593,6.7084,0.0000,0.0000,0.0000,0.0000,0.0000,0.0000,54.5168,USD,54.5168,USD,2.1227,0.0000,49.0814,50.5904,49.3265,48.1910,Equity
TGT,TGT,158.4300,USD,-0.5398,0.6224,0.0000,USD,3394300.0000,0.0000,0.0000,0.0000,4196010.0000,0.8089,0.0000,0.0000,0.0000,-0.3710,-2.9109,22.2311,35.6747,87.6442,0.0000,0.0000,0.0000,0.0000,0.0000,0.0000,170.7500,USD,170.7500,USD,2.1891,0.0000,126.0693,153.7997,158.9525,157.2120,Equity
TJX,TJX,130.2500,USD,-0.1230,0.1461,0.0000,USD,5886200.0000,0.0000,0.0000,0.0000,9060776.6667,0.6496,0.0000,0.0000,0.0000,-0.4129,-3.6042,-13.7551,-15.8554,-7.8628,0.0000,0.0000,0.0000,0.0000,0.0000,0.0000,169.4653,USD,169.4653,USD,2.0293,0.0000,152.2420,142.5671,129.1370,128.6510,Equity
TKO,TKO,181.5800,USD,0.8321,-0.5967,0.0000,USD,940300.0000,0.0000,0.0000,0.0000,1115083.3333,0.8433,0.0000,0.0000,0.0000,-3.8598,-1.2546,-9.4315,-6.3331,-7.3244,0.0000,0.0000,0.0000,0.0000,0.0000,0.0000,224.2340,USD,224.2340,USD,2.8567,0.0000,195.6166,187.8762,188.0981,187.9500,Equity
TMO,TMO,678.6000,USD,-1.0341,0.5333,0.0000,USD,1904500.0000,0.0000,0.0000,0.0000,2042443.3333,0.9325,0.0000,0.0000,0.0000,3.0493,9.1517,35.4556,41.6104,46.6881,0.0000,0.0000,0.0000,0.0000,0.0000,0.0000,682.9800,USD,682.9800,USD,2.3930,0.0000,539.9010,606.8151,635.1586,661.4160,Equity
TMUS,TMUS,166.4500,USD,0.1209,0.6166,0.0000,USD,4792300.0000,0.0000,0.0000,0.0000,4818060.0000,0.9947,0.0000,0.0000,0.0000,2.4875,-8.2263,-0.1904,-21.3242,-28.4262,0.0000,0.0000,0.0000,0.0000,0.0000,0.0000,235.9652,USD,268.8268,USD,2.8189,0.0000,190.0232,177.7015,175.1395,168.1930,Equity
TPL,TPL,338.1500,USD,0.8591,-0.8561,0.0000,USD,252200.0000,0.0000,0.0000,0.0000,389670.0000,0.6472,0.0000,0.0000,0.0000,-4.8108,-7.0495,-22.6093,-27.4214,6.9589,0.0000,0.0000,0.0000,0.0000,0.0000,0.0000,544.8646,USD,583.0263,USD,3.6745,0.0000,395.0670,371.8869,359.5830,349.5320,Equity
TPR,TPR,113.4500,USD,-0.8254,-0.3776,0.0000,USD,2500500.0000,0.0000,0.0000,0.0000,3388536.6667,0.7379,0.0000,0.0000,0.0000,0.7638,-9.2517,-22.2024,-16.5898,5.3745,0.0000,0.0000,0.0000,0.0000,0.0000,0.0000,164.1776,USD,164.1776,USD,2.8632,0.0000,137.8978,132.1712,116.8412,114.1710,Equity
TRGP,TRGP,277.4300,USD,1.1014,-0.1476,0.0000,USD,1030200.0000,0.0000,0.0000,0.0000,1248760.0000,0.8250,0.0000,0.0000,0.0000,-1.6729,-3.6099,3.9488,12.9140,62.6934,0.0000,0.0000,0.0000,0.0000,0.0000,0.0000,307.9400,USD,307.9400,USD,2.4687,0.0000,244.8081,281.5893,288.1245,284.0650,Equity
TRMB,TRMB,57.5100,USD,-1.8150,-0.5877,0.0000,USD,2532100.0000,0.0000,0.0000,0.0000,3275906.6667,0.7729,0.0000,0.0000,0.0000,-3.0186,-5.7368,12.3681,-8.0429,-29.2097,0.0000,0.0000,0.0000,0.0000,0.0000,0.0000,84.4200,USD,87.5000,USD,2.6030,0.0000,63.1539,57.7640,58.3705,58.0430,Equity
TROW,TROW,103.8100,USD,-0.6445,-1.6112,0.0000,USD,1392600.0000,0.0000,0.0000,0.0000,1402730.0000,0.9928,0.0000,0.0000,0.0000,-0.3456,-5.5183,-7.5544,19.4682,5.6050,0.0000,0.0000,0.0000,0.0000,0.0000,0.0000,120.5010,USD,120.5010,USD,1.9438,0.0000,101.4414,109.9074,105.7166,104.0590,Equity
TRV,TRV,363.1600,USD,0.0937,0.0331,0.0000,USD,829500.0000,0.0000,0.0000,0.0000,1480150.0000,0.5604,0.0000,0.0000,0.0000,0.3177,-1.4864,10.3846,25.3941,32.7442,0.0000,0.0000,0.0000,0.0000,0.0000,0.0000,397.3415,USD,397.3415,USD,1.6865,0.0000,316.5366,371.5734,368.8698,369.3120,Equity
TSCO,TSCO,32.0700,USD,-0.4648,-0.6198,0.0000,USD,11124300.0000,0.0000,0.0000,0.0000,8921636.6667,1.2469,0.0000,0.0000,0.0000,-2.3447,-7.6325,2.1561,-28.3115,-41.8930,0.0000,0.0000,0.0000,0.0000,0.0000,0.0000,56.8415,USD,62.2524,USD,3.1218,0.0000,39.8122,33.2846,33.3895,32.4080,Equity
TSLA,TSLA,357.4500,USD,-1.0884,-3.9397,0.0000,USD,39452900.0000,0.0000,0.0000,0.0000,38039846.6667,1.0371,0.0000,0.0000,0.0000,-5.6611,2.4946,-15.0143,0.6108,-18.8351,0.0000,0.0000,0.0000,0.0000,0.0000,0.0000,498.8300,USD,498.8300,USD,3.1930,0.0000,395.1834,347.7808,366.1195,368.6950,Equity
TSN,TSN,50.9500,USD,-0.3731,0.0589,0.0000,USD,2537200.0000,0.0000,0.0000,0.0000,3513123.3333,0.7222,0.0000,0.0000,0.0000,-1.6789,-7.1739,-10.1735,-18.6652,-2.6728,0.0000,0.0000,0.0000,0.0000,0.0000,0.0000,68.2620,USD,68.2620,USD,2.1745,0.0000,59.2290,55.4485,52.4605,51.7910,Equity
TT,TT,452.0600,USD,-0.5501,-0.5237,0.0000,USD,1371400.0000,0.0000,0.0000,0.0000,1041056.6667,1.3173,0.0000,0.0000,0.0000,3.2525,0.9285,-7.7432,12.4346,9.6386,0.0000,0.0000,0.0000,0.0000,0.0000,0.0000,504.6769,USD,504.6769,USD,2.0987,0.0000,444.6391,454.8960,438.0569,435.0120,Equity
TTWO,TTWO,202.3500,USD,-0.3574,0.4517,0.0000,USD,2072900.0000,0.0000,0.0000,0.0000,2666483.3333,0.7774,0.0000,0.0000,0.0000,-1.5472,-14.0363,-19.0535,4.8011,-20.9941,0.0000,0.0000,0.0000,0.0000,0.0000,0.0000,265.9400,USD,265.9400,USD,3.2613,0.0000,225.3583,228.6490,211.4720,206.8330,Equity
TXN,TXN,278.3100,USD,-0.1690,0.0863,0.0000,USD,4933200.0000,0.0000,0.0000,0.0000,5941526.6667,0.8303,0.0000,0.0000,0.0000,2.5423,7.6052,-6.1513,50.8188,54.7101,0.0000,0.0000,0.0000,0.0000,0.0000,0.0000,332.3285,USD,332.3285,USD,2.7177,0.0000,245.0322,270.6340,264.1790,269.0810,Equity
TXT,TXT,77.3700,USD,-0.7442,1.0184,0.0000,USD,1977900.0000,0.0000,0.0000,0.0000,1733740.0000,1.1408,0.0000,0.0000,0.0000,-0.6548,-6.8045,-15.6333,-9.9406,-7.2454,0.0000,0.0000,0.0000,0.0000,0.0000,0.0000,101.5005,USD,101.5005,USD,2.1064,0.0000,89.7603,84.2987,79.2055,78.6110,Equity
TYL,TYL,324.0200,USD,-1.4805,-0.4761,0.0000,USD,603700.0000,0.0000,0.0000,0.0000,896866.6667,0.6731,0.0000,0.0000,0.0000,-2.1235,-14.2668,10.7912,-5.0213,-38.8318,0.0000,0.0000,0.0000,0.0000,0.0000,0.0000,531.9400,USD,661.3100,USD,3.3770,0.0000,348.0984,334.1778,347.0070,335.1120,Equity
UAL,UAL,111.5100,USD,-1.7545,-2.1756,0.0000,USD,3998700.0000,0.0000,0.0000,0.0000,3601586.6667,1.1103,0.0000,0.0000,0.0000,-3.2115,0.8228,-18.0013,30.8649,13.8903,0.0000,0.0000,0.0000,0.0000,0.0000,0.0000,138.7700,USD,138.7700,USD,3.2004,0.0000,109.0366,116.2548,109.4110,110.6580,Equity
UBER,UBER,68.1600,USD,-0.3735,-2.0971,0.0000,USD,16746600.0000,0.0000,0.0000,0.0000,17527630.0000,0.9554,0.0000,0.0000,0.0000,-2.4753,-13.5245,-5.5432,-2.5032,-30.7669,0.0000,0.0000,0.0000,0.0000,0.0000,0.0000,101.2950,USD,101.9900,USD,2.6485,0.0000,75.0469,73.2154,72.0525,70.0920,Equity
UDR,UDR,33.8300,USD,0.3251,-0.0295,0.0000,USD,3989200.0000,0.0000,0.0000,0.0000,3693353.3333,1.0801,0.0000,0.0000,0.0000,-0.7918,-8.4880,-14.2738,2.9444,-4.5685,0.0000,0.0000,0.0000,0.0000,0.0000,0.0000,41.5190,USD,43.3803,USD,1.6169,0.0000,36.4385,36.8066,34.9621,34.0420,Equity
UHS,UHS,177.4800,USD,-0.3355,-0.7716,0.0000,USD,764400.0000,0.0000,0.0000,0.0000,742136.6667,1.0300,0.0000,0.0000,0.0000,-1.0095,3.5120,19.5027,-2.2879,-11.2507,0.0000,0.0000,0.0000,0.0000,0.0000,0.0000,245.2619,USD,245.2619,USD,3.2879,0.0000,181.3609,170.4903,174.9975,178.4250,Equity
ULTA,ULTA,549.1300,USD,-1.2564,0.7208,0.0000,USD,416200.0000,0.0000,0.0000,0.0000,640940.0000,0.6494,0.0000,0.0000,0.0000,-0.8540,6.1121,21.7637,7.6536,-0.5199,0.0000,0.0000,0.0000,0.0000,0.0000,0.0000,714.9700,USD,714.9700,USD,2.9040,0.0000,556.7267,529.8266,546.8035,545.8190,Equity
UNH,UNH,377.8300,USD,-0.0611,0.3293,0.0000,USD,4677100.0000,0.0000,0.0000,0.0000,4838140.0000,0.9667,0.0000,0.0000,0.0000,1.3085,-3.2558,-8.5349,46.0437,12.7327,0.0000,0.0000,0.0000,0.0000,0.0000,0.0000,458.7949,USD,601.3295,USD,2.3928,0.0000,351.7700,396.4818,383.0553,375.4530,Equity
UNP,UNP,274.1000,USD,-0.1425,0.1132,0.0000,USD,2435700.0000,0.0000,0.0000,0.0000,2491603.3333,0.9776,0.0000,0.0000,0.0000,-0.1130,-10.4219,1.2397,15.7057,18.9953,0.0000,0.0000,0.0000,0.0000,0.0000,0.0000,314.5304,USD,314.5304,USD,1.8891,0.0000,261.8810,291.5162,282.8265,276.8290,Equity
UPS,UPS,94.2500,USD,-0.2235,0.3086,0.0000,USD,4796900.0000,0.0000,0.0000,0.0000,4547530.0000,1.0548,0.0000,0.0000,0.0000,-1.6898,-10.5193,-10.9277,2.5454,19.9724,0.0000,0.0000,0.0000,0.0000,0.0000,0.0000,116.8618,USD,127.9593,USD,2.0335,0.0000,102.4735,102.9676,99.2575,96.7050,Equity
URI,URI,1043.9200,USD,-0.7507,-0.2999,0.0000,USD,451900.0000,0.0000,0.0000,0.0000,428776.6667,1.0539,0.0000,0.0000,0.0000,0.0844,1.3269,-7.6944,46.7909,11.1030,0.0000,0.0000,0.0000,0.0000,0.0000,0.0000,1177.1487,USD,1177.1487,USD,2.6948,0.0000,940.8878,1065.6399,1012.8530,1022.9420,Equity
USB,USB,58.7800,USD,-0.3540,-0.9270,0.0000,USD,5759300.0000,0.0000,0.0000,0.0000,7278310.0000,0.7913,0.0000,0.0000,0.0000,-1.1104,-5.9068,-2.6821,17.7185,23.6306,0.0000,0.0000,0.0000,0.0000,0.0000,0.0000,66.0800,USD,66.0800,USD,1.9340,0.0000,57.0181,62.6084,61.1060,59.7130,Equity
V,V,367.7400,USD,-0.1851,0.0980,0.0000,USD,6381000.0000,0.0000,0.0000,0.0000,6539000.0000,0.9758,0.0000,0.0000,0.0000,1.5744,-3.6321,7.3838,23.2513,9.8737,0.0000,0.0000,0.0000,0.0000,0.0000,0.0000,385.5700,USD,385.5700,USD,1.4610,0.0000,336.0719,367.9657,370.7305,368.1380,Equity
VEEV,VEEV,279.9600,USD,-1.9952,-0.2565,0.0000,USD,1371800.0000,0.0000,0.0000,0.0000,1792496.6667,0.7653,0.0000,0.0000,0.0000,7.3014,1.1818,57.7506,59.1043,-3.5519,0.0000,0.0000,0.0000,0.0000,0.0000,0.0000,310.5000,USD,310.5000,USD,2.9184,0.0000,200.1394,243.3642,270.1865,268.3930,Equity
VICI,VICI,23.1900,USD,-0.2977,-1.3611,0.0000,USD,10684300.0000,0.0000,0.0000,0.0000,9734770.0000,1.0975,0.0000,0.0000,0.0000,-3.2944,-8.6464,-10.9861,-11.3600,-23.5730,0.0000,0.0000,0.0000,0.0000,0.0000,0.0000,30.8426,USD,31.3431,USD,1.5254,0.0000,26.5796,25.2719,24.3051,23.7896,Equity
VLO,VLO,389.5700,USD,0.4985,0.6173,0.0000,USD,3560400.0000,0.0000,0.0000,0.0000,3361293.3333,1.0592,0.0000,0.0000,0.0000,3.2959,10.5602,50.1596,57.0039,126.5158,0.0000,0.0000,0.0000,0.0000,0.0000,0.0000,419.0400,USD,419.0400,USD,4.0777,0.0000,254.3014,347.9556,384.5500,393.1990,Equity
VLTO,VLTO,96.2000,USD,0.0000,-0.9677,0.0000,USD,1239200.0000,0.0000,0.0000,0.0000,1649080.0000,0.7514,0.0000,0.0000,0.0000,0.4280,-2.3945,8.4799,12.1819,-7.5669,0.0000,0.0000,0.0000,0.0000,0.0000,0.0000,107.4404,USD,114.0118,USD,1.6732,0.0000,92.9069,96.2722,95.9240,95.7360,Equity
VMC,VMC,246.1500,USD,-0.8327,0.4694,0.0000,USD,1281700.0000,0.0000,0.0000,0.0000,1076653.3333,1.1904,0.0000,0.0000,0.0000,-0.6939,-10.3311,-16.4071,-7.4333,-17.1410,0.0000,0.0000,0.0000,0.0000,0.0000,0.0000,329.1966,USD,329.1966,USD,2.4780,0.0000,284.1961,267.7022,251.4140,245.0150,Equity
VMRK,VMRK,61.3700,USD,-0.0325,-0.2276,0.0000,USD,5175000.0000,0.0000,0.0000,0.0000,6522926.6667,0.7934,0.0000,0.0000,0.0000,-1.5718,-6.3625,-9.6570,5.8509,-1.6643,0.0000,0.0000,0.0000,0.0000,0.0000,0.0000,71.5000,USD,72.7765,USD,1.9353,0.0000,63.3043,65.5278,63.7735,62.1780,Equity
VRSK,VRSK,167.7700,USD,-0.2305,-0.8510,0.0000,USD,1152100.0000,0.0000,0.0000,0.0000,1200586.6667,0.9596,0.0000,0.0000,0.0000,-2.4253,-12.2805,-6.2999,-9.9709,-31.4135,0.0000,0.0000,0.0000,0.0000,0.0000,0.0000,250.8283,USD,318.6996,USD,2.9761,0.0000,190.0358,186.0471,178.7713,173.5110,Equity
VRSN,VRSN,282.0700,USD,-1.1245,-1.8033,0.0000,USD,470700.0000,0.0000,0.0000,0.0000,698013.3333,0.6743,0.0000,0.0000,0.0000,-5.7945,-3.3775,12.4575,13.6102,0.4095,0.0000,0.0000,0.0000,0.0000,0.0000,0.0000,311.5654,USD,311.5654,USD,2.4904,0.0000,263.8224,287.5360,293.2155,296.2970,Equity
VRT,VRT,244.0400,USD,-0.0197,-3.6481,0.0000,USD,4274800.0000,0.0000,0.0000,0.0000,5059676.6667,0.8449,0.0000,0.0000,0.0000,-3.7166,-5.0491,-27.0952,4.2399,76.2371,0.0000,0.0000,0.0000,0.0000,0.0000,0.0000,379.7628,USD,379.7628,USD,4.3427,0.0000,262.9785,264.9839,253.8543,246.0620,Equity
VRTX,VRTX,527.6700,USD,-0.3649,0.2813,0.0000,USD,823500.0000,0.0000,0.0000,0.0000,1033046.6667,0.7972,0.0000,0.0000,0.0000,2.4622,-2.5882,6.2287,19.0699,36.7942,0.0000,0.0000,0.0000,0.0000,0.0000,0.0000,560.2500,USD,560.2500,USD,2.1088,0.0000,472.3047,515.1470,526.1695,517.0860,Equity
VST,VST,138.0200,USD,-0.2745,-0.3178,0.0000,USD,4346500.0000,0.0000,0.0000,0.0000,4384000.0000,0.9914,0.0000,0.0000,0.0000,-1.7022,0.8433,-12.8500,-6.1681,-33.0075,0.0000,0.0000,0.0000,0.0000,0.0000,0.0000,215.8461,USD,218.5504,USD,2.9054,0.0000,155.0313,145.0442,142.3921,139.8804,Equity
VTR,VTR,87.0400,USD,0.3349,0.5197,0.0000,USD,2166000.0000,0.0000,0.0000,0.0000,3492840.0000,0.6201,0.0000,0.0000,0.0000,0.2072,-5.1955,-1.9820,7.9529,29.3769,0.0000,0.0000,0.0000,0.0000,0.0000,0.0000,101.6000,USD,101.6000,USD,1.8011,0.0000,85.2158,91.6912,88.9310,87.2160,Equity
VTRS,VTRS,18.2700,USD,-0.4487,2.4678,0.0000,USD,12377000.0000,0.0000,0.0000,0.0000,8039920.0000,1.5394,0.0000,0.0000,0.0000,6.3446,11.8115,15.9133,43.0726,98.7155,0.0000,0.0000,0.0000,0.0000,0.0000,0.0000,18.3700,USD,18.3700,USD,2.4832,0.0000,15.0085,16.8433,16.9690,17.2670,Equity
VZ,VZ,46.6800,USD,-0.0850,-0.8496,0.0000,USD,16944000.0000,0.0000,0.0000,0.0000,19786913.3333,0.8563,0.0000,0.0000,0.0000,0.4952,-6.8263,12.1298,-4.1952,14.3514,0.0000,0.0000,0.0000,0.0000,0.0000,0.0000,51.6700,USD,51.6700,USD,1.8946,0.0000,45.4105,48.1506,49.1325,47.9360,Equity
WAB,WAB,292.3700,USD,0.3056,1.5174,0.0000,USD,805000.0000,0.0000,0.0000,0.0000,803403.3333,1.0020,0.0000,0.0000,0.0000,0.9182,0.0479,8.5578,23.4477,49.3548,0.0000,0.0000,0.0000,0.0000,0.0000,0.0000,306.3238,USD,306.3238,USD,2.0010,0.0000,259.5835,289.5704,283.2755,284.9450,Equity
WAT,WAT,442.9400,USD,-1.4462,2.1682,0.0000,USD,981500.0000,0.0000,0.0000,0.0000,700250.0000,1.4016,0.0000,0.0000,0.0000,4.0400,6.8123,18.1047,50.9834,51.8426,0.0000,0.0000,0.0000,0.0000,0.0000,0.0000,445.4800,USD,445.4800,USD,2.7420,0.0000,362.6722,405.0822,417.3705,426.4090,Equity
WBD,WBD,30.9000,USD,-0.0324,0.1296,0.0000,USD,43621200.0000,0.0000,0.0000,0.0000,34022743.3333,1.2821,0.0000,0.0000,0.0000,0.2271,7.4035,15.9040,14.0642,58.3803,0.0000,0.0000,0.0000,0.0000,0.0000,0.0000,30.9200,USD,30.9200,USD,1.0686,0.0000,27.6533,27.8200,28.9680,29.7130,Equity
WDAY,WDAY,188.6000,USD,-2.6392,-0.4487,0.0000,USD,2132500.0000,0.0000,0.0000,0.0000,3401793.3333,0.6269,0.0000,0.0000,0.0000,0.1966,-7.8742,54.0598,46.4627,-23.5416,0.0000,0.0000,0.0000,0.0000,0.0000,0.0000,249.8500,USD,294.0000,USD,3.7659,0.0000,157.9140,181.8102,192.4945,191.3150,Equity
WDC,WDC,453.2300,USD,-1.7075,-0.7837,0.0000,USD,7429800.0000,0.0000,0.0000,0.0000,6564730.0000,1.1318,0.0000,0.0000,0.0000,-2.4473,-1.3221,-29.0181,80.1938,324.8461,0.0000,0.0000,0.0000,0.0000,0.0000,0.0000,799.6133,USD,799.6133,USD,5.1461,0.0000,394.4853,473.3491,449.6898,444.0970,Equity
WEC,WEC,101.4500,USD,-0.0789,0.0000,0.0000,USD,3168500.0000,0.0000,0.0000,0.0000,2511863.3333,1.2614,0.0000,0.0000,0.0000,-1.3420,-4.4907,-12.3625,-10.5081,-7.0276,0.0000,0.0000,0.0000,0.0000,0.0000,0.0000,118.8738,USD,118.8738,USD,1.4153,0.0000,109.8066,107.1799,104.2935,102.6070,Equity
WELL,WELL,232.9600,USD,1.3139,0.6872,0.0000,USD,2338900.0000,0.0000,0.0000,0.0000,2618446.6667,0.8932,0.0000,0.0000,0.0000,1.1155,-2.1464,3.0266,20.1422,35.1571,0.0000,0.0000,0.0000,0.0000,0.0000,0.0000,254.2402,USD,254.2402,USD,2.0573,0.0000,212.0773,236.6657,234.5290,231.9350,Equity
WFC,WFC,80.8100,USD,-0.3254,-2.6034,0.0000,USD,13108800.0000,0.0000,0.0000,0.0000,13289346.6667,0.9864,0.0000,0.0000,0.0000,-2.8142,-6.7828,-1.6530,6.4305,-2.8677,0.0000,0.0000,0.0000,0.0000,0.0000,0.0000,96.1767,USD,96.1767,USD,2.4043,0.0000,84.2562,86.5430,86.7635,84.7330,Equity
WM,WM,206.4400,USD,0.1160,-0.1886,0.0000,USD,1655000.0000,0.0000,0.0000,0.0000,2168470.0000,0.7632,0.0000,0.0000,0.0000,-0.5971,-5.6030,-6.9668,-9.4404,-4.0252,0.0000,0.0000,0.0000,0.0000,0.0000,0.0000,246.0625,USD,246.0625,USD,1.4296,0.0000,223.2256,221.6448,213.5401,209.9510,Equity
WMB,WMB,68.9800,USD,0.3754,-0.4043,0.0000,USD,5586500.0000,0.0000,0.0000,0.0000,7575373.3333,0.7375,0.0000,0.0000,0.0000,-2.8177,-5.7630,-6.5363,-3.4166,11.0464,0.0000,0.0000,0.0000,0.0000,0.0000,0.0000,78.9199,USD,78.9199,USD,2.4222,0.0000,70.0349,72.1274,72.3441,70.8950,Equity
WMT,WMT,108.7300,USD,-0.0741,0.6946,0.0000,USD,17232400.0000,0.0000,0.0000,0.0000,26446696.6667,0.6516,0.0000,0.0000,0.0000,-1.2623,5.4710,-3.7698,-11.5803,6.2868,0.0000,0.0000,0.0000,0.0000,0.0000,0.0000,134.8372,USD,134.8372,USD,1.7581,0.0000,118.0808,109.1449,107.3890,108.1500,Equity
WRB,WRB,67.6600,USD,-0.1646,1.2571,0.0000,USD,2496600.0000,0.0000,0.0000,0.0000,3028276.6667,0.8244,0.0000,0.0000,0.0000,-0.7481,-0.9982,-3.9319,3.1967,-8.3449,0.0000,0.0000,0.0000,0.0000,0.0000,0.0000,77.3393,USD,77.3393,USD,1.8750,0.0000,68.3690,70.3448,68.9434,68.7318,Equity
WSM,WSM,231.0300,USD,-1.5136,-0.3752,0.0000,USD,864100.0000,0.0000,0.0000,0.0000,1201150.0000,0.7194,0.0000,0.0000,0.0000,-0.7134,-1.7270,-0.5571,31.6020,16.3563,0.0000,0.0000,0.0000,0.0000,0.0000,0.0000,254.8900,USD,254.8900,USD,2.7738,0.0000,207.0735,232.8946,225.9540,226.2060,Equity
WST,WST,375.6500,USD,-1.0501,1.4064,0.0000,USD,562300.0000,0.0000,0.0000,0.0000,553020.0000,1.0168,0.0000,0.0000,0.0000,1.2288,11.3136,4.7062,53.4546,44.0891,0.0000,0.0000,0.0000,0.0000,0.0000,0.0000,385.7480,USD,385.7480,USD,2.3129,0.0000,300.0498,350.7604,355.4905,368.4350,Equity
WTW,WTW,292.1100,USD,-0.3776,-0.6395,0.0000,USD,623000.0000,0.0000,0.0000,0.0000,500440.0000,1.2449,0.0000,0.0000,0.0000,-3.1883,-15.0225,11.7611,1.5283,-13.4937,0.0000,0.0000,0.0000,0.0000,0.0000,0.0000,351.5100,USD,351.5100,USD,2.2400,0.0000,298.3207,323.5056,316.2230,304.3120,Equity
WY,WY,19.7200,USD,-0.0500,-1.4493,0.0000,USD,7770900.0000,0.0000,0.0000,0.0000,5914343.3333,1.3139,0.0000,0.0000,0.0000,-8.4494,-15.8148,-16.8697,-17.3310,-16.7125,0.0000,0.0000,0.0000,0.0000,0.0000,0.0000,27.0291,USD,31.8728,USD,2.1943,0.0000,23.8475,23.3008,21.8641,21.0570,Equity
WYNN,WYNN,80.5200,USD,-0.6164,-0.7397,0.0000,USD,2688400.0000,0.0000,0.0000,0.0000,1977260.0000,1.3597,0.0000,0.0000,0.0000,-2.4118,-15.4734,-16.8636,-16.3696,-36.9823,0.0000,0.0000,0.0000,0.0000,0.0000,0.0000,133.7472,USD,133.7472,USD,2.8677,0.0000,103.6167,94.0711,86.3760,82.4690,Equity
XEL,XEL,69.3900,USD,-0.0716,-0.5874,0.0000,USD,6083400.0000,0.0000,0.0000,0.0000,5702576.6667,1.0668,0.0000,0.0000,0.0000,-3.7052,-8.5032,-12.8900,-10.9803,-9.7555,0.0000,0.0000,0.0000,0.0000,0.0000,0.0000,82.5569,USD,82.5569,USD,1.6625,0.0000,76.9793,76.0135,73.2842,71.4450,Equity
XOM,XOM,162.5200,USD,1.3762,1.2018,0.0000,USD,12809500.0000,0.0000,0.0000,0.0000,14475196.6667,0.8849,0.0000,0.0000,0.0000,2.4006,3.7075,19.6404,-3.9584,42.6636,0.0000,0.0000,0.0000,0.0000,0.0000,0.0000,174.0934,USD,174.0934,USD,2.0377,0.0000,146.7203,159.3284,162.7730,162.2940,Equity
XYL,XYL,100.9100,USD,-0.4385,-1.6759,0.0000,USD,2042400.0000,0.0000,0.0000,0.0000,2397053.3333,0.8520,0.0000,0.0000,0.0000,-6.4349,-9.3433,-14.3101,-12.4710,-28.4594,0.0000,0.0000,0.0000,0.0000,0.0000,0.0000,152.1374,USD,152.1374,USD,2.4069,0.0000,120.9270,113.2643,106.7315,105.9860,Equity
XYZ,XYZ,73.3100,USD,-1.4525,-4.0696,0.0000,USD,5521000.0000,0.0000,0.0000,0.0000,4007906.6667,1.3775,0.0000,0.0000,0.0000,-5.4431,-12.2771,-3.5395,28.5464,-0.4887,0.0000,0.0000,0.0000,0.0000,0.0000,0.0000,86.9200,USD,99.2600,USD,3.0214,0.0000,69.9337,80.0166,78.5020,76.4280,Equity
YUM,YUM,138.2800,USD,0.1082,-0.2525,0.0000,USD,1840700.0000,0.0000,0.0000,0.0000,2392016.6667,0.7695,0.0000,0.0000,0.0000,-1.0236,-9.6730,-13.0632,-9.6596,-7.6848,0.0000,0.0000,0.0000,0.0000,0.0000,0.0000,169.2865,USD,169.2865,USD,2.4649,0.0000,152.8975,146.9739,143.3724,138.6390,Equity
ZBH,ZBH,91.6200,USD,-0.3076,0.6371,0.0000,USD,1628300.0000,0.0000,0.0000,0.0000,1826146.6667,0.8917,0.0000,0.0000,0.0000,-2.5112,-9.2062,6.4235,3.9415,-5.7575,0.0000,0.0000,0.0000,0.0000,0.0000,0.0000,106.0262,USD,112.9557,USD,2.8987,0.0000,91.1354,96.0916,95.1780,93.6330,Equity
ZBRA,ZBRA,371.8700,USD,0.0730,0.4945,0.0000,USD,638500.0000,0.0000,0.0000,0.0000,585483.3333,1.0906,0.0000,0.0000,0.0000,2.8373,4.3260,41.2558,86.5881,24.0518,0.0000,0.0000,0.0000,0.0000,0.0000,0.0000,386.2300,USD,427.7600,USD,2.9525,0.0000,265.0680,341.8000,354.0495,356.8830,Equity
ZTS,ZTS,71.4300,USD,-0.7741,0.5348,0.0000,USD,3907400.0000,0.0000,0.0000,0.0000,4623630.0000,0.8451,0.0000,0.0000,0.0000,-1.9627,-7.6416,0.0945,-37.9001,-49.2670,0.0000,0.0000,0.0000,0.0000,0.0000,0.0000,145.9862,USD,190.5283,USD,2.3297,0.0000,98.4733,74.8248,73.4195,71.9400,Equity
